subreddit,year,month,text,created_utc
leagueoflegends,2025,7,How is Duro marking invisible wards?,2025-07-13 04:39:13
leagueoflegends,2025,7,how to check pickems standings,2025-07-13 04:38:13
leagueoflegends,2025,7,4' jungle lv 5 in swiftplay,2025-07-13 04:38:07
leagueoflegends,2025,7,"Fucking Oysters RUINED my perfect pick ems, got only 1 series wrong",2025-07-13 04:35:33
leagueoflegends,2025,7,I got perfect Pick'Ems!,2025-07-13 04:32:07
leagueoflegends,2025,7,Why is the pickems tab closed instantly?,2025-07-13 04:30:30
leagueoflegends,2025,7,I missed play in Pick'ems BUT!,2025-07-13 04:27:56
leagueoflegends,2025,7,EU dissapointing me one last time this MSI,2025-07-13 04:22:59
leagueoflegends,2025,7,Did any one get any of the E sports rewards tonight?,2025-07-13 04:22:02
leagueoflegends,2025,7,Full List of All Skins to be Discounted for each MSI Winner's Role Bundle,2025-07-13 04:16:40
leagueoflegends,2025,7,Gen.G vs. T1 / MSI 2025 - Grand Finals / Post-Match Discussion,2025-07-13 04:15:10
leagueoflegends,2025,7,Top 5 Lec Supports,2025-07-13 03:34:20
leagueoflegends,2025,7,MSI Finals Skin Sale,2025-07-13 03:30:58
leagueoflegends,2025,7,A question for jungle mains.,2025-07-13 03:25:17
leagueoflegends,2025,7,Win streak into loss streak,2025-07-13 03:03:58
leagueoflegends,2025,7,Grasp in Junglers?,2025-07-13 03:03:52
leagueoflegends,2025,7,Region skill differences/Worst regions in your experiences,2025-07-13 02:56:13
leagueoflegends,2025,7,Exalted skins every going to be reavaliable?,2025-07-13 02:37:08
leagueoflegends,2025,7,Anyone have a list of all team compositions this msi?,2025-07-13 02:33:54
leagueoflegends,2025,7,Top 5 LEC adc's,2025-07-13 02:14:20
leagueoflegends,2025,7,Blitz R vs. Sett charged punch,2025-07-13 02:11:57
leagueoflegends,2025,7,Is it possible to use refunds on older stuff that isnt showing if I contact riot?,2025-07-13 02:09:00
leagueoflegends,2025,7,Why are rune pages still limited to 20?,2025-07-13 02:05:07
leagueoflegends,2025,7,Can some get data on Drag Win rate This MSI.,2025-07-13 01:47:18
leagueoflegends,2025,7,Videos where the history of League is covered like the TSM vs CLG rivalry?,2025-07-13 01:38:33
leagueoflegends,2025,7,Mundo in Arena is insane.,2025-07-13 01:14:39
leagueoflegends,2025,7,"Phantom Dancer has more problems than ""it just gives AS and crit"".",2025-07-13 01:01:06
leagueoflegends,2025,7,Busco duo Lan,2025-07-13 00:59:19
leagueoflegends,2025,7,"Lolesports leadership discusses the LTA merger reception, whether double elimination is coming to Worlds, and Game Changers in LoL vs VALORANT | MSI Press roundtable",2025-07-13 00:30:58
leagueoflegends,2025,7,Binding opening shop to 1-7 is a mistake,2025-07-13 00:01:02
leagueoflegends,2025,7,My take on LOL Esports and their viewership,2025-07-12 23:39:54
leagueoflegends,2025,7,Can i Gift the rest of the pass from another account ?,2025-07-12 23:32:00
leagueoflegends,2025,7,2025 Mid Season Invitational / Bracket Stage / Final / Live Discussion,2025-07-12 23:01:26
leagueoflegends,2025,7,Silly Question - In Pro Tournaments Do You Support Your Favorite Team Or The Team That Picks Your Main?,2025-07-12 23:01:10
leagueoflegends,2025,7,ARAM bildgewater Cannon is a joke,2025-07-12 22:39:10
leagueoflegends,2025,7,Ad and Ap scalings,2025-07-12 22:31:43
leagueoflegends,2025,7,Every ARAM map is a bridge,2025-07-12 22:24:10
leagueoflegends,2025,7,Can someone calculate the % chance of this?,2025-07-12 22:07:16
leagueoflegends,2025,7,Need help finding a specific League YT channel that posts high-elo clips with over-the-top transitions,2025-07-12 21:07:02
leagueoflegends,2025,7,Vertical dual monitors for peak League drama watching,2025-07-12 21:03:22
leagueoflegends,2025,7,What will be GENG advantage for coming from the Upper Bracket?,2025-07-12 20:44:28
leagueoflegends,2025,7,akshan is underrated in arena,2025-07-12 20:40:25
leagueoflegends,2025,7,"Sources: Inside Fnatic’s Offseason — Poby’s new contract, Toplane recap, and Dardo’s role change",2025-07-12 20:37:19
leagueoflegends,2025,7,Nidalee can now full clear in 2:59 using conventional Red Start (Patch 25.13),2025-07-12 20:17:24
leagueoflegends,2025,7,what are your thoughts on the current surrender system?,2025-07-12 19:58:05
leagueoflegends,2025,7,"T1 Oner: ""I tend to ignore comments about how the roster has changed, or how our team won’t work without certain components."" - lcsprofiles",2025-07-12 19:31:48
leagueoflegends,2025,7,Prepare for Cinema | GEN vs T1 Finals | MSI 2025,2025-07-12 19:22:54
leagueoflegends,2025,7,Balance of my Last Ranked Game,2025-07-12 19:15:15
leagueoflegends,2025,7,The AL draft in game 3 was so bad.,2025-07-12 18:45:13
leagueoflegends,2025,7,Msi Emotes,2025-07-12 18:19:40
leagueoflegends,2025,7,My Viktor cosplay,2025-07-12 17:46:54
leagueoflegends,2025,7,help with ranked,2025-07-12 17:42:43
leagueoflegends,2025,7,MSI Pick’em prize tiers feel a bit off this year,2025-07-12 17:23:32
leagueoflegends,2025,7,The winner of the loser's bracket should not have a shot at the MSI championship,2025-07-12 17:20:34
leagueoflegends,2025,7,smart/quick casting,2025-07-12 17:15:18
leagueoflegends,2025,7,helpe me i need to read somme masterpiece,2025-07-12 17:06:07
leagueoflegends,2025,7,"T1 Faker: ""I won't force my kids to play League. I've really lived the life of a pro player and I know how difficult it is [...] I always try to keep to myself and be myself, but I really appreciate how players perceive me [to have this aura]"" | Sheep Esports",2025-07-12 17:06:02
leagueoflegends,2025,7,"as a top, should I always ask for last pick?",2025-07-12 16:58:56
leagueoflegends,2025,7,I'm tired of Mundo,2025-07-12 16:57:27
leagueoflegends,2025,7,Dodging mechanic: make it make sense to me,2025-07-12 16:40:23
leagueoflegends,2025,7,Looking for EUW amateur leagues. Are there any good ones?,2025-07-12 16:36:47
leagueoflegends,2025,7,Fearless has to reset for Game 5 of a bo5 series. Every single 5th game of this MSI has been an absolute stomp.,2025-07-12 16:25:59
leagueoflegends,2025,7,In my recent ranked experience 85% of the games are being defined by sup diff,2025-07-12 16:23:33
leagueoflegends,2025,7,The giving up culture in this game is unacceptable,2025-07-12 16:19:18
leagueoflegends,2025,7,What's up with the Match Making System?,2025-07-12 16:13:54
leagueoflegends,2025,7,faker: i can easily beat them 1v2,2025-07-12 15:53:19
leagueoflegends,2025,7,MSI ceremony,2025-07-12 15:51:16
leagueoflegends,2025,7,"The difference in ""Regional Score"" between LCK and LPL is almost the same as the difference between LPL and LTA North now",2025-07-12 15:49:42
leagueoflegends,2025,7,How is your “starting rank” calculated ?,2025-07-12 15:27:12
leagueoflegends,2025,7,Help to download files,2025-07-12 15:19:57
leagueoflegends,2025,7,"I have perfect pick'ems so far, but i did not select a winner for the finals",2025-07-12 14:56:43
leagueoflegends,2025,7,Why do top laners want last pick if their role is the least impactful?,2025-07-12 14:53:12
leagueoflegends,2025,7,Is terminus ranged skewed?,2025-07-12 14:51:01
leagueoflegends,2025,7,Spellbook in supports T1 vs AL,2025-07-12 14:28:57
leagueoflegends,2025,7,"Spirit Blossom Ahri ""Night Blossom Chroma"" never rolling into the Mythic Shop",2025-07-12 14:21:45
leagueoflegends,2025,7,"“It’s not Nunu OR Willump, it’s Nunu AND Willump. They need each other.” G2 Kesha talks what Song of Nunu taught him about friendship, and takes me on the silliest interview of my career, talking the end of Forge games, being G2’s lucky charm, and more. | HotSpawn",2025-07-12 14:16:25
leagueoflegends,2025,7,Arena Idea,2025-07-12 14:05:00
leagueoflegends,2025,7,"Game 5s in fearless draft have been amazing. However, for the pure chaos...",2025-07-12 13:59:03
leagueoflegends,2025,7,How to stop having a bootycheeks KDA,2025-07-12 13:55:02
leagueoflegends,2025,7,Current format of double elimination is still unfair.,2025-07-12 13:39:48
leagueoflegends,2025,7,Gen G VS T1 - Voice comms,2025-07-12 13:38:41
leagueoflegends,2025,7,"By attending my first  League tournament, I now know why League is more popular than Dota 2",2025-07-12 13:34:38
leagueoflegends,2025,7,Arena Survey Missing a Question?,2025-07-12 13:33:44
leagueoflegends,2025,7,e-Sports icons available from the new MSI Capsule are locked from the rest?,2025-07-12 13:14:35
leagueoflegends,2025,7,Any tips to shorten Zed's jungle clear time?,2025-07-12 13:13:07
leagueoflegends,2025,7,The in game worlds cutscene is extremely annoying,2025-07-12 13:08:08
leagueoflegends,2025,7,MSI final watch parties in London?,2025-07-12 13:04:54
leagueoflegends,2025,7,Faker vs Ruler is such a forced rivalry,2025-07-12 13:03:47
leagueoflegends,2025,7,Rank of LEC coach ?,2025-07-12 12:56:57
leagueoflegends,2025,7,casquette league of legends project,2025-07-12 12:51:23
leagueoflegends,2025,7,In Bloom Finisher Feature from Mythic Shop,2025-07-12 12:37:01
leagueoflegends,2025,7,About ADC items and attack speed,2025-07-12 12:35:04
leagueoflegends,2025,7,I keep getting invaded early and my laners don’t help — what should I do?,2025-07-12 12:31:28
leagueoflegends,2025,7,Question about griefing detection,2025-07-12 11:37:22
leagueoflegends,2025,7,Botlane is useless,2025-07-12 11:18:10
leagueoflegends,2025,7,Faker vs Chovy Head-to-Head,2025-07-12 11:05:38
leagueoflegends,2025,7,Why is Sona so high rated?,2025-07-12 10:57:42
leagueoflegends,2025,7,"Ultimate, Mythic Variant, and other higher tier skins used during the MSI finals by the winning team will be replaced with a comparable eligible skin",2025-07-12 10:53:52
leagueoflegends,2025,7,Iron 3 -> Silver 2 -> Bronze 3 -> Started to main Garen,2025-07-12 10:45:57
leagueoflegends,2025,7,Have games become harder to end?,2025-07-12 10:43:38
leagueoflegends,2025,7,Insane twitch escape,2025-07-12 10:43:03
leagueoflegends,2025,7,hextech chests,2025-07-12 10:36:53
leagueoflegends,2025,7,AL vs T1 Hupu Ratings & Comments - MSI 2025 Lower Bracket Final,2025-07-12 10:00:25
leagueoflegends,2025,7,Why is there no option to see who is duoed in game?,2025-07-12 09:19:25
leagueoflegends,2025,7,Are people more dead inside than they used to?,2025-07-12 08:59:15
leagueoflegends,2025,7,Just started playing ranked and it is so fun,2025-07-12 08:52:45
leagueoflegends,2025,7,Azael is such an underrated and underappreciated caster,2025-07-12 08:36:53
leagueoflegends,2025,7,Can I bring a fansign into MSI or do I have to make them in the venue?,2025-07-12 08:08:45
leagueoflegends,2025,7,How are you supposed to climb if your team mates give up every game ?,2025-07-12 07:40:03
leagueoflegends,2025,7,Gumayusi's stats from LCK playoffs (Road to MSI) until now (pre MSI finals),2025-07-12 06:45:29
leagueoflegends,2025,7,AL Shanks streaming platforms?,2025-07-12 06:16:35
leagueoflegends,2025,7,i made an edit of this silly guy,2025-07-12 05:58:54
leagueoflegends,2025,7,MSI 2025 Game 5 Champ Select Music?,2025-07-12 05:28:53
leagueoflegends,2025,7,Does Low prio queue extend past the 15 minute timer?,2025-07-12 05:25:00
leagueoflegends,2025,7,Top 5 lec mid peaks,2025-07-12 05:20:17
leagueoflegends,2025,7,Caedrel Interview with Faker,2025-07-12 05:11:06
leagueoflegends,2025,7,I'd like to see a tournament where the champion is decided in a strictly round robin format.,2025-07-12 04:58:14
leagueoflegends,2025,7,T1 vs AL HUPU Community Player Ratings (All Games Included),2025-07-12 04:56:52
leagueoflegends,2025,7,When is yunara releasing,2025-07-12 04:51:02
leagueoflegends,2025,7,My first ever quadrakill!,2025-07-12 04:45:26
leagueoflegends,2025,7,Mark my words: MSI Pickems for next year are gonna get changed for the worse,2025-07-12 04:39:11
leagueoflegends,2025,7,All non-LCK Koreans leave their respective regions and return to the LCK.,2025-07-12 04:33:27
leagueoflegends,2025,7,Anything to do at MSI venue without ticket?,2025-07-12 04:26:16
leagueoflegends,2025,7,My pickems changed Help,2025-07-12 04:18:26
leagueoflegends,2025,7,how to beat hp stacking as a crit adc?,2025-07-12 04:11:26
leagueoflegends,2025,7,T1 vs. Anyone's Legend / MSI 2025 - Lower Bracket Finals / Post-Match Discussion,2025-07-12 04:05:38
leagueoflegends,2025,7,Why am I suddenly gain no LP,2025-07-12 03:43:36
leagueoflegends,2025,7,Why does duo botlane seem to make everyone else on our team worse?,2025-07-12 03:37:44
leagueoflegends,2025,7,The new restrictions are way better,2025-07-12 03:25:02
leagueoflegends,2025,7,Fearless Draft+ Cooldown bans?,2025-07-12 03:24:46
leagueoflegends,2025,7,My top 5 LEC jglers,2025-07-12 03:16:38
leagueoflegends,2025,7,Shanks Insane Teamfight,2025-07-12 03:09:38
leagueoflegends,2025,7,Battle pass worth the buy?,2025-07-12 02:54:20
leagueoflegends,2025,7,Fearless doesn’t really seem to change much,2025-07-12 02:35:22
leagueoflegends,2025,7,The 2023 MSI Changes Turned It From Mickey Mouse Tournament to the Best Show of the Season,2025-07-12 02:28:39
leagueoflegends,2025,7,Which champion from each role do you feel best encapsulates the fantasy of the role?,2025-07-12 02:10:28
leagueoflegends,2025,7,Yuumi needs to be removed from Ranked,2025-07-12 02:06:28
leagueoflegends,2025,7,MSI Vancouver Final Game: anyone going?,2025-07-12 01:56:43
leagueoflegends,2025,7,"To those who ban your teammates champ when it's valid for the lane, why?",2025-07-12 01:54:46
leagueoflegends,2025,7,is KS still a thing?,2025-07-12 01:35:58
leagueoflegends,2025,7,New Arena Jhin is OP,2025-07-12 01:17:03
leagueoflegends,2025,7,What do people think about sett W,2025-07-12 01:16:03
leagueoflegends,2025,7,What are the skills you should learn for ranked?,2025-07-12 01:07:54
leagueoflegends,2025,7,So the RIOT MMO is dead?,2025-07-12 00:51:34
leagueoflegends,2025,7,My performance as Jinx from Arcane at Anime Friends Brazil last week,2025-07-12 00:49:24
leagueoflegends,2025,7,Cool Arena Augment & Item Interaction,2025-07-12 00:02:07
leagueoflegends,2025,7,"Phreak: ""KRAKEN Slayer is about finishing off SQUISHIER champions""",2025-07-11 23:40:52
leagueoflegends,2025,7,Four Key Elements to Include,2025-07-11 23:38:03
leagueoflegends,2025,7,Syndra guide,2025-07-11 23:37:30
leagueoflegends,2025,7,I met Azael. [Satire],2025-07-11 23:36:58
leagueoflegends,2025,7,Plastic bag on hair = quadrakill mechanics,2025-07-11 23:31:22
leagueoflegends,2025,7,"Smash is a banned phrase in chat during any T1 MSI game, did I miss something, what is going on",2025-07-11 23:21:07
leagueoflegends,2025,7,2025 Mid Season Invitational / Bracket Stage / Losers' Bracket Final / Live Discussion,2025-07-11 23:01:16
leagueoflegends,2025,7,Do we get LP back when people intentionally lose?,2025-07-11 22:50:49
leagueoflegends,2025,7,Why do people think anti heal sucks?,2025-07-11 22:46:22
leagueoflegends,2025,7,Has frustration with the League experience outside of gameplay become normal?,2025-07-11 22:12:18
leagueoflegends,2025,7,Viego Quadrakill!!!!,2025-07-11 22:03:32
leagueoflegends,2025,7,Msi tickets so abundant right now,2025-07-11 21:45:21
leagueoflegends,2025,7,How to watch MSI via korean streamers?,2025-07-11 21:20:13
leagueoflegends,2025,7,Supports on aram,2025-07-11 21:18:00
leagueoflegends,2025,7,T1 vs AL was inevitably from the start.,2025-07-11 21:12:26
leagueoflegends,2025,7,League Buzzfeed quiz,2025-07-11 21:11:23
leagueoflegends,2025,7,Kalista Kalista Kalista. I've always loved her. What are your opinions about her good or bad? I'm all ears.,2025-07-11 21:05:51
leagueoflegends,2025,7,angry crashout Jinx OTP rambles about EUW support players for 7 minutes,2025-07-11 20:47:36
leagueoflegends,2025,7,Returning to play after 2 years,2025-07-11 20:43:44
leagueoflegends,2025,7,NA at 2025 Worlds,2025-07-11 20:34:45
leagueoflegends,2025,7,"If League of Legends had a World Cup, what would your country's national team roster be?",2025-07-11 20:29:28
leagueoflegends,2025,7,"If I wanted to say hi to the casters at MSI, is that possible?",2025-07-11 20:23:58
leagueoflegends,2025,7,Anyone tryna play some ranked tn?,2025-07-11 19:34:45
leagueoflegends,2025,7,How long do i have to auto a control ward once i leave brush?,2025-07-11 19:31:10
leagueoflegends,2025,7,Can some one explain this??,2025-07-11 19:28:47
leagueoflegends,2025,7,ARAM Balance Buff Example Tooltip Suggestion Change,2025-07-11 19:24:56
leagueoflegends,2025,7,"[NA] Calling All Mid, Jungle & Support Players Interested in Competitive Play!",2025-07-11 19:13:43
leagueoflegends,2025,7,This is my hook. There are many like it but this one is mine.,2025-07-11 19:09:20
leagueoflegends,2025,7,"Champ select glitch in the game right now. Forces u to play other champ than selected, happens when u swap in a particular way",2025-07-11 19:08:57
leagueoflegends,2025,7,Challenge your teammates,2025-07-11 19:05:09
leagueoflegends,2025,7,"I have tried my best to find the original, and after about 4 hrs of searching i am asking the internet for help, so please... HELP",2025-07-11 19:03:16
leagueoflegends,2025,7,How to do that little dance/laugh animation thing,2025-07-11 19:02:41
leagueoflegends,2025,7,Question about attending MSI,2025-07-11 18:56:45
leagueoflegends,2025,7,Question about resources for matchups,2025-07-11 18:25:56
leagueoflegends,2025,7,Could you help me in researching the competitive League of Legends scene?,2025-07-11 18:18:54
leagueoflegends,2025,7,"Caedrel: ""LoL will have Ups and Downs, how it develops in the next five years will be interesting..""",2025-07-11 18:18:52
leagueoflegends,2025,7,Counter Pick Jungle - is it real?,2025-07-11 18:17:02
leagueoflegends,2025,7,"Gen.G Ruler on his 2021 vs 2025 season: ""I started to doubt my gameplay, and lost confidence in myself, but now, I feel like I'm someone that can support my teammates.""",2025-07-11 18:16:38
leagueoflegends,2025,7,"Penalty issued for leaving/AFK, while not actually being the case?",2025-07-11 18:04:00
leagueoflegends,2025,7,Clips of Anomalies?,2025-07-11 17:56:12
leagueoflegends,2025,7,EWC Group Stage Draw,2025-07-11 17:39:01
leagueoflegends,2025,7,How early do pro teams arrive at the stadium,2025-07-11 17:13:11
leagueoflegends,2025,7,League vs Dota,2025-07-11 17:12:45
leagueoflegends,2025,7,"Is that working as intended? [Hwei, Ult-Flash]",2025-07-11 17:01:25
leagueoflegends,2025,7,AL possibly going through 3 series in 3 days feels slightly too much,2025-07-11 17:00:51
leagueoflegends,2025,7,Guide me,2025-07-11 16:53:24
leagueoflegends,2025,7,I miss Quick Play,2025-07-11 16:39:24
leagueoflegends,2025,7,Pulsefire Haste 2 Core,2025-07-11 16:38:27
leagueoflegends,2025,7,"AL Flandre on Tabe's interview w/ Caedrel: ""I don’t know how Western teams scrim, but from experience, our way of scrimming feels the most suitable. If we miss just one scrim block, I start to feel worried and doubt myself. Having 3 blocks allows us to train so many strategies, drafts, and ideas""",2025-07-11 16:35:29
leagueoflegends,2025,7,How to find schedules for league games?,2025-07-11 16:30:07
leagueoflegends,2025,7,Is there a Mythic Store bot?,2025-07-11 16:17:27
leagueoflegends,2025,7,Leagues community,2025-07-11 16:13:17
leagueoflegends,2025,7,Smurfing is taking over,2025-07-11 15:57:50
leagueoflegends,2025,7,Question about Penalties?,2025-07-11 15:51:52
leagueoflegends,2025,7,how to get prestige fright night zeri skin?,2025-07-11 15:48:26
leagueoflegends,2025,7,Op.gg may be down,2025-07-11 15:46:39
leagueoflegends,2025,7,I need help remembering a YouTuber,2025-07-11 15:45:32
leagueoflegends,2025,7,Natus Vincere Retains Rogue’s Coaching Staff,2025-07-11 15:42:00
leagueoflegends,2025,7,Someone told me that my face looks like,2025-07-11 15:38:04
leagueoflegends,2025,7,I created a small tool to help with Fearless Drafts - looking for feedback!,2025-07-11 15:30:22
leagueoflegends,2025,7,What champions have the highest win rate in sub 20 minute games?,2025-07-11 15:07:37
leagueoflegends,2025,7,"FLY Busio: ""I made mistakes I already knew about, so I'm very disappointed in myself for that [...] We don’t get punished as much in NA. Sometimes even, you don’t even know it’s a mistake, because the enemy played so badly. What Inspired said about that is absolutely true"" | Sheep Esports",2025-07-11 15:04:17
leagueoflegends,2025,7,Is Rengar trash?,2025-07-11 14:08:56
leagueoflegends,2025,7,Best otp champ (community),2025-07-11 13:54:27
leagueoflegends,2025,7,Phreak Patch 25.14 Preview,2025-07-11 13:48:18
leagueoflegends,2025,7,Ahri One Tricks ?,2025-07-11 13:26:04
leagueoflegends,2025,7,AL v BLG Hupu Ratings & Comments - MSI 2025 Round 3,2025-07-11 12:36:02
leagueoflegends,2025,7,Every champions ultimate resets on takedown like Pyke. Who benefits the most from this?,2025-07-11 12:32:34
leagueoflegends,2025,7,Rakan Spirit Blossom,2025-07-11 12:29:51
leagueoflegends,2025,7,Why is League eSports so popular?,2025-07-11 12:25:12
leagueoflegends,2025,7,a question bout the ranked icon,2025-07-11 12:21:45
leagueoflegends,2025,7,How difficult is building a good report Model?,2025-07-11 12:16:30
leagueoflegends,2025,7,Why Does League Feel So Empty Now?,2025-07-11 11:53:39
leagueoflegends,2025,7,Blue Essence feels pointless once all champs are owned,2025-07-11 11:48:12
leagueoflegends,2025,7,What was that jhin W at the BLG vs AL match,2025-07-11 11:45:52
leagueoflegends,2025,7,Diana build,2025-07-11 11:44:23
leagueoflegends,2025,7,Levei 4 sozinho de Mordekaiser — jogada insana em ranked! [Vídeo curto],2025-07-11 11:29:34
leagueoflegends,2025,7,"What's a champion that best imbodies ""You're playing by my rules now"" or one that just plays by their own rules.",2025-07-11 10:25:50
leagueoflegends,2025,7,League Of Legends RTS,2025-07-11 10:18:21
leagueoflegends,2025,7,LPL 2025 Split 3 Schedule,2025-07-11 10:12:51
leagueoflegends,2025,7,Us soldier in Korea,2025-07-11 09:50:21
leagueoflegends,2025,7,Why is my damage so low as a jungler?,2025-07-11 09:47:24
leagueoflegends,2025,7,My Ahri Immortalized cosplay !,2025-07-11 09:18:14
leagueoflegends,2025,7,Custom-Skins for Qiyana and others?,2025-07-11 09:17:01
leagueoflegends,2025,7,What voice line lives in your head rent free?,2025-07-11 09:03:35
leagueoflegends,2025,7,prestigious triumphant general darius,2025-07-11 08:54:58
leagueoflegends,2025,7,"Help I cant remove a little ""1"" notification on the chest in the loot tab",2025-07-11 07:29:46
leagueoflegends,2025,7,Where to find coaching,2025-07-11 06:34:21
leagueoflegends,2025,7,Ping Settings,2025-07-11 06:13:55
leagueoflegends,2025,7,Any idea when will Worlds 2024 T1 Skins be revealed ??,2025-07-11 06:11:21
leagueoflegends,2025,7,I need some suggestions.,2025-07-11 05:53:00
leagueoflegends,2025,7,What am I doing wrong?,2025-07-11 05:41:57
leagueoflegends,2025,7,"MSI Vancouver, To the 2 people at the accessibility area section 125 for BLG VS AL",2025-07-11 05:22:42
leagueoflegends,2025,7,it sucks seeing champs like fiora become troll picks in pro :(,2025-07-11 04:56:55
leagueoflegends,2025,7,Why do late game champions do so much damage early game?,2025-07-11 04:30:50
leagueoflegends,2025,7,What is League of Legends called in your country?,2025-07-11 04:24:07
leagueoflegends,2025,7,More range jungler please,2025-07-11 04:04:07
leagueoflegends,2025,7,Wouldn't having scaling %HP damage fix the %HP damage problem?,2025-07-11 03:59:37
leagueoflegends,2025,7,Does somebody know the Track of Pick & Ban in Game 5?,2025-07-11 03:54:52
leagueoflegends,2025,7,"The Faker Azir + Ruler Moment. History repeats itself! Anyone remeber T1 vs JDG, they are same#MSI2025",2025-07-11 03:32:14
leagueoflegends,2025,7,Not even close! Shanks' just better,2025-07-11 03:29:55
leagueoflegends,2025,7,AL vs BLG | MSI 2025 | Lower Bracket | PMT,2025-07-11 03:25:22
leagueoflegends,2025,7,Are there any stats on the percentile of an account based on amount of games played?,2025-07-11 02:59:45
leagueoflegends,2025,7,Since when can I only use emotes thrice?,2025-07-11 02:52:11
leagueoflegends,2025,7,I'll never do anything this cool again (OC),2025-07-11 02:22:37
leagueoflegends,2025,7,(OC) Shen is having great time at top lane,2025-07-11 02:07:12
leagueoflegends,2025,7,BLG 5-man ultimates Wombo-Combo but lost the teamfight wtf?!,2025-07-11 01:52:45
leagueoflegends,2025,7,T1 vs GEN: all first clear jungle paths,2025-07-11 01:38:21
leagueoflegends,2025,7,Best Neeko Competitive Skin,2025-07-11 01:26:16
leagueoflegends,2025,7,'hot take' you shouldn't loser lp if a person leaves less than 10 minutes after the game started,2025-07-11 01:21:58
leagueoflegends,2025,7,Has there been ever a champ as cursed as khalista this msi?,2025-07-11 01:07:57
leagueoflegends,2025,7,Feeling like its impossible to climb solo,2025-07-11 01:00:14
leagueoflegends,2025,7,League of Legends Uni Survey,2025-07-11 00:57:48
leagueoflegends,2025,7,CT's T1 v GENG Part 2 (Games 3/4/5),2025-07-11 00:43:36
leagueoflegends,2025,7,Does the korean solo queue bible still exist?,2025-07-11 00:32:44
leagueoflegends,2025,7,"FLY Massu reflects on his journey to pro and makes me feel old - “[When LoL last came to Canada] in 2017, I was in middle school…I used to play a lot of Rocket League. I thought I would go pro at that game.”",2025-07-11 00:19:41
leagueoflegends,2025,7,Rumble vs Illaoi,2025-07-11 00:13:44
leagueoflegends,2025,7,Who’s got your favorite character backstory?,2025-07-11 00:10:08
leagueoflegends,2025,7,Comeback Mechanics Have Turned So Many Games Into 30-Minute Coinflips,2025-07-10 23:54:23
leagueoflegends,2025,7,Why shadowflame doesn’t show damage dealt?,2025-07-10 23:38:49
leagueoflegends,2025,7,New player need general tips,2025-07-10 23:07:33
leagueoflegends,2025,7,League not launching properly after champ select,2025-07-10 23:04:01
leagueoflegends,2025,7,2025 Mid Season Invitational / Bracket Stage / Round 3 - Day 1 / Live Discussion,2025-07-10 23:01:14
leagueoflegends,2025,7,Karmine Corp signs exclusive content partnership with X,2025-07-10 22:52:07
leagueoflegends,2025,7,I really wish to have Green Summoner's Rift back,2025-07-10 22:50:30
leagueoflegends,2025,7,Help for improving,2025-07-10 22:22:26
leagueoflegends,2025,7,PBE account,2025-07-10 21:01:39
leagueoflegends,2025,7,Low framerate since new map (Summoners Rift and ARAM),2025-07-10 21:01:01
leagueoflegends,2025,7,Winning top without jungler,2025-07-10 20:57:26
leagueoflegends,2025,7,LTA North Split 3 Primer,2025-07-10 20:56:47
leagueoflegends,2025,7,Could Pro Play consider pick / side selection next season,2025-07-10 20:15:44
leagueoflegends,2025,7,Emerald-Diamond Support main switching to ADC,2025-07-10 19:52:23
leagueoflegends,2025,7,"CloudTemplar's T1vGENG MSI review ""This is why we love League""",2025-07-10 19:52:08
leagueoflegends,2025,7,Beginner friendly?,2025-07-10 19:52:07
leagueoflegends,2025,7,Pinging stats in chat,2025-07-10 19:39:07
leagueoflegends,2025,7,LP Refund for trolls on your team,2025-07-10 18:55:24
leagueoflegends,2025,7,Just dropped a new insane trist video its fire,2025-07-10 18:53:29
leagueoflegends,2025,7,Is there gonna be an MSI finals watch party in Los Angeles?,2025-07-10 18:41:34
leagueoflegends,2025,7,Esports vertical stream elements for regular stream,2025-07-10 18:20:03
leagueoflegends,2025,7,How to move on from bot games?,2025-07-10 18:11:20
leagueoflegends,2025,7,In game 5 between GEN and T1 two team fight decisions created a gold swing of 5k in just over 2 minutes,2025-07-10 18:00:04
leagueoflegends,2025,7,I really miss old Rakan,2025-07-10 17:59:19
leagueoflegends,2025,7,Low Orange Essence in Battle Pass,2025-07-10 17:57:12
leagueoflegends,2025,7,Blossom & Blade - EMEA ARAM Challenge,2025-07-10 17:55:36
leagueoflegends,2025,7,MSI champ select game 5 bgm,2025-07-10 17:51:00
leagueoflegends,2025,7,Question about T1 / MSI placements (spoilers for results).,2025-07-10 17:43:55
leagueoflegends,2025,7,When will WASD movement release,2025-07-10 17:32:48
leagueoflegends,2025,7,Azir can spot invisible champ,2025-07-10 17:32:32
leagueoflegends,2025,7,Genuine Question: Has the community gotten better?,2025-07-10 17:25:21
leagueoflegends,2025,7,"Looking for friends to play Clash, Ranked, ARAM - EUW",2025-07-10 17:24:35
leagueoflegends,2025,7,How bad is Vayne right now?,2025-07-10 17:19:35
leagueoflegends,2025,7,MSI 2025 Signature,2025-07-10 17:00:43
leagueoflegends,2025,7,Aram guess the rank )),2025-07-10 16:57:37
leagueoflegends,2025,7,"BLG Bin: ""Even if none of them believe in us, we should trust ourselves. Back in 2023, many people underestimated BLG, but we were still able to make it to finals. We did it then, so why couldn’t we do it again this time? [...] I have confidence that I can win any given game against any opponent""",2025-07-10 16:54:31
leagueoflegends,2025,7,my teammates are always bots,2025-07-10 16:41:35
leagueoflegends,2025,7,How to fix the gatcha system,2025-07-10 16:37:12
leagueoflegends,2025,7,Smurfs should be hated more.,2025-07-10 16:03:23
leagueoflegends,2025,7,Never Seen This Border Before,2025-07-10 15:58:48
leagueoflegends,2025,7,Sources: Ghost set to come out of retirement and join Estral Esports in Liga Regional Norte,2025-07-10 15:40:27
leagueoflegends,2025,7,Fizz ARENA peak gameplay,2025-07-10 15:39:21
leagueoflegends,2025,7,How life is going lately (I'm the Zac),2025-07-10 15:30:25
leagueoflegends,2025,7,Would you use AI coaching + matchmaking for LoL? (Working on a new tool – feedback wanted!),2025-07-10 15:29:55
leagueoflegends,2025,7,Who are your favorite 10 champions and honorabke mention? Give reasoning for the #1 and the  honorable mention,2025-07-10 15:28:29
leagueoflegends,2025,7,"AL Shanks: ""My past hasn’t been great, but to succeed, you have to go through failure. I’ve taken many hits in my career, but right now, I have only one goal: make it to finals"" [...] It's hard not to like Faker as a pro. He’s the greatest in all of esports. I just wanna be myself when I face him""",2025-07-10 15:01:17
leagueoflegends,2025,7,"Little reminder that if you bought chromas during Essence Emporium, you can buy the bundle to get the Ruby chroma at the same price as a regular chroma",2025-07-10 14:56:19
leagueoflegends,2025,7,Pick Me Up League Meme !?,2025-07-10 14:48:38
leagueoflegends,2025,7,Lost media - League of legend card game on android,2025-07-10 14:42:18
leagueoflegends,2025,7,The bounty system has a major flaw,2025-07-10 14:36:14
leagueoflegends,2025,7,[ENGSUB] Chovy catching up with Quad,2025-07-10 14:33:53
leagueoflegends,2025,7,What should I do?,2025-07-10 14:15:02
leagueoflegends,2025,7,Why isn’t Azir played as a Bot Lane Carry?,2025-07-10 14:11:00
leagueoflegends,2025,7,What do you think of finishers?,2025-07-10 14:05:14
leagueoflegends,2025,7,most popular mouse used by pros in 2025,2025-07-10 13:45:25
leagueoflegends,2025,7,End of year icon (ranked),2025-07-10 13:41:41
leagueoflegends,2025,7,Has anyone genuinely tried flipping the roles?,2025-07-10 13:36:53
leagueoflegends,2025,7,Champion Pool Low Elo,2025-07-10 12:39:41
leagueoflegends,2025,7,Would 1 day of full unrestricted toxicity reduce toxicity?,2025-07-10 12:23:15
leagueoflegends,2025,7,Looking for help,2025-07-10 12:12:07
leagueoflegends,2025,7,Why Did Faker Go Grasp Viktor Instead of Burst?,2025-07-10 11:45:27
leagueoflegends,2025,7,League characters inspired by LOTR ?,2025-07-10 11:18:48
leagueoflegends,2025,7,More Rune pages,2025-07-10 11:12:16
leagueoflegends,2025,7,New Player Looking for champions,2025-07-10 11:09:36
leagueoflegends,2025,7,"Peaked Emerald, now hardstuck Silver — what happened to me?",2025-07-10 10:53:07
leagueoflegends,2025,7,Do you get more exp by playing non-ranked games?,2025-07-10 10:38:21
leagueoflegends,2025,7,Opinion on tanks,2025-07-10 10:23:33
leagueoflegends,2025,7,Gen.G vs T1 Hupu Rating & Comments - MSI 2025 - Upper Bracket Finals,2025-07-10 09:48:40
leagueoflegends,2025,7,Ally champions can now body block enemy auto attacks. Whos WR is going up/down or would nothing change?,2025-07-10 09:37:32
leagueoflegends,2025,7,A question about bounties,2025-07-10 08:47:03
leagueoflegends,2025,7,"MSI is in North America, double elim format is great, the time zone is perfect for the US, the series have been amazing and FlyQuest showed up huge. If this doesn't re-ignite the player base numbers in NA, nothing ever will.",2025-07-10 08:25:31
leagueoflegends,2025,7,Why does league not encourage playing with friends?,2025-07-10 07:37:13
leagueoflegends,2025,7,Hextech chests have been treating me good this year.,2025-07-10 07:20:33
leagueoflegends,2025,7,Caedrel interviews Chovy,2025-07-10 07:05:14
leagueoflegends,2025,7,[PBE datamine] 2025 July 9: patch preview and Guardian,2025-07-10 07:03:56
leagueoflegends,2025,7,The best way to deal with pure int (joke),2025-07-10 06:26:22
leagueoflegends,2025,7,Mythic Shop Selection,2025-07-10 05:53:14
leagueoflegends,2025,7,What’s your all-time Western LoL team?,2025-07-10 05:23:20
leagueoflegends,2025,7,MSI tailgate,2025-07-10 05:08:01
leagueoflegends,2025,7,Gen.G vs. T1 / MSI 2025 - Upper Bracket Finals / Post-Match Discussion,2025-07-10 04:32:32
leagueoflegends,2025,7,"Mid has an AD problem, and Yone has a frustration and a reliability problem",2025-07-10 04:09:39
leagueoflegends,2025,7,Absolute Clutch teamfight out of the 5 man pit,2025-07-10 03:27:18
leagueoflegends,2025,7,My new teemo skin (tattoo),2025-07-10 02:59:40
leagueoflegends,2025,7,FLY vs BLG: all first clear jungle paths,2025-07-10 02:57:49
leagueoflegends,2025,7,SSG is the only team to ever eliminate T1 from worlds and win their next pro match.,2025-07-10 02:37:15
leagueoflegends,2025,7,MSI Aurora Emote Drop,2025-07-10 02:30:27
leagueoflegends,2025,7,Any way to get reminders to do pickems?,2025-07-10 01:44:20
leagueoflegends,2025,7,Inspired Game 4 v BLG,2025-07-10 01:37:19
leagueoflegends,2025,7,Champions with a traditional ult that is not their strongest ability,2025-07-10 01:31:12
leagueoflegends,2025,7,"NAmen | FLY Massu: ""When we scrimmed [GEN, T1, and AL], all of us were doing pretty well. We were doing well individually, and we were doing well as a team. We had no reason to think [we couldn’t] beat anyone — because we were beating everyone as much as they were beating us in scrims.""",2025-07-10 00:34:46
leagueoflegends,2025,7,New player - Is this really the battle pass system here?,2025-07-10 00:13:24
leagueoflegends,2025,7,League needs to push balance more towards individual agency again,2025-07-10 00:10:15
leagueoflegends,2025,7,Nexus finishers,2025-07-09 23:37:14
leagueoflegends,2025,7,What are some adjustments to the current fearless format that you'd like to see?,2025-07-09 23:28:21
leagueoflegends,2025,7,Fearless drafting regarding BLG vs FLY Game 5,2025-07-09 23:23:58
leagueoflegends,2025,7,When urf 2025,2025-07-09 23:21:03
leagueoflegends,2025,7,Swiftplay Tactic/Abuse,2025-07-09 23:07:06
leagueoflegends,2025,7,2025 Mid Season Invitational / Bracket Stage / Upper Bracket Finals / Live Discussion,2025-07-09 23:00:37
leagueoflegends,2025,7,Whoever wins today should …,2025-07-09 22:45:30
leagueoflegends,2025,7,What happened here?,2025-07-09 22:42:09
leagueoflegends,2025,7,Nautilus Q everyone,2025-07-09 22:33:16
leagueoflegends,2025,7,Should I quit if I can't improve?,2025-07-09 22:05:23
leagueoflegends,2025,7,Losers queue,2025-07-09 22:03:20
leagueoflegends,2025,7,Is Udyr this good or just bot lobby?,2025-07-09 20:58:57
leagueoflegends,2025,7,Poro on head in ARAM?,2025-07-09 20:47:17
leagueoflegends,2025,7,fix the game not showing up after champ select,2025-07-09 20:41:34
leagueoflegends,2025,7,"Enchanter Only Players, When Smurfing What Do Your Win Rates Look Like?",2025-07-09 20:33:56
leagueoflegends,2025,7,Technical Issue: Cant cancel my quick cast with indicator,2025-07-09 20:12:31
leagueoflegends,2025,7,Quad admits the Zilean pick — also predicts Gen.G win,2025-07-09 19:55:44
leagueoflegends,2025,7,Why tf does Diana keep getting buffed for jungle?,2025-07-09 19:47:28
leagueoflegends,2025,7,League does not concern themselves with reports anymore?,2025-07-09 19:46:09
leagueoflegends,2025,7,Hello! Any Discord Channels here for Beginners like me getting into the game? Trying to find people to queue together,2025-07-09 19:25:20
leagueoflegends,2025,7,Help a noob,2025-07-09 19:18:48
leagueoflegends,2025,7,"Ruler: 'This is my second experience playing NA solo queue, it's really bad. I cannot find any motive or drive to play solo queue, but when I'm playing I can tell everyone is trying really hard and they never forfeit, which also makes it a struggle. They're always doing their best.'",2025-07-09 19:15:18
leagueoflegends,2025,7,"It’s not pretty but a penta is a penta, right?",2025-07-09 18:56:47
leagueoflegends,2025,7,Riven/teemo clip?,2025-07-09 18:46:03
leagueoflegends,2025,7,Could Lux be good as jungle?,2025-07-09 18:26:25
leagueoflegends,2025,7,Notification won‘t disappear,2025-07-09 18:22:18
leagueoflegends,2025,7,MSI 10 July,2025-07-09 18:21:15
leagueoflegends,2025,7,How to report an account that messaged you?,2025-07-09 18:12:30
leagueoflegends,2025,7,Rankup - LoL Discord bot,2025-07-09 18:09:15
leagueoflegends,2025,7,"GEN Chovy: ""When I was young, I couldn’t have imagined myself being this successful [...] AL are the most likely to make it to finals. They’re the ones we’re watching out for the most [...] When it’s I'm playing officials, I have to be locked in and serious. And when it’s not, I can have more fun""",2025-07-09 18:00:07
leagueoflegends,2025,7,Jungle invade help,2025-07-09 17:54:06
leagueoflegends,2025,7,why is league soo bad at matchmaking?,2025-07-09 17:52:07
leagueoflegends,2025,7,Primetime Draven voicelines wont play,2025-07-09 17:22:21
leagueoflegends,2025,7,shitty morde q,2025-07-09 17:19:42
leagueoflegends,2025,7,Why don’t we see ADCs played mid more often?,2025-07-09 17:16:10
leagueoflegends,2025,7,Most Optimal Way to Use Knights Vow,2025-07-09 17:01:22
leagueoflegends,2025,7,The Collector is unhealthy,2025-07-09 16:59:16
leagueoflegends,2025,7,Spirit Blossom Morgana Unfinished And Underdeveloped? An In-Depth Look,2025-07-09 16:52:14
leagueoflegends,2025,7,Why dodging system is so dumb,2025-07-09 16:51:09
leagueoflegends,2025,7,NIP announces: -Aki -Shanji -ppgod +Naiyou +Niket,2025-07-09 16:30:13
leagueoflegends,2025,7,"League of Legends Manual for Beginners and Beyond (Spanish Only, Sorry!) / Manual de League of Legends para principiantes y no tan principiantes (¡Solo en español, perdon!)",2025-07-09 16:24:46
leagueoflegends,2025,7,When to buy tier 3 boots,2025-07-09 16:19:05
leagueoflegends,2025,7,"Sources: Oscarinin remains with Fnatic, Wunder declined offer to join a six-man roster",2025-07-09 15:39:37
leagueoflegends,2025,7,What time do people usually arrive at MSI?,2025-07-09 15:28:16
leagueoflegends,2025,7,"CFO Driver: ""When I was backstage, I felt even more nervous. I was honestly praying to God that we would win [...] I’ve done so many dances, I’m starting to run out of ideas [...] I feel terrible when fans critique my singing. I'll do my best to improve, and hopefully soon, you'll hear me sing""",2025-07-09 14:56:04
leagueoflegends,2025,7,How is Yone? Broken or balanced?,2025-07-09 14:54:12
leagueoflegends,2025,7,Quitters and LP,2025-07-09 14:53:56
leagueoflegends,2025,7,ARAM Senna builds — which one are you running these days?,2025-07-09 14:52:17
leagueoflegends,2025,7,I might just be 60 years old playing LoL — old man hands is definitely a thing (I’m 22 btw),2025-07-09 14:38:42
leagueoflegends,2025,7,Open Amateur Esports Recruitment,2025-07-09 14:29:54
leagueoflegends,2025,7,2 bronze 4 players in my gold lobby?,2025-07-09 14:17:20
leagueoflegends,2025,7,Is banning 5 champs vs one player a sign of respect or disrespect?,2025-07-09 14:15:03
leagueoflegends,2025,7,Fastest way to earn BE?,2025-07-09 14:13:57
leagueoflegends,2025,7,[NA] PING150 Calling All Summoners Interested in Competitive & Organized Play!!,2025-07-09 14:13:56
leagueoflegends,2025,7,Diabolical ACE,2025-07-09 13:43:52
leagueoflegends,2025,7,"18,000 people still have perfect Pick'Ems with 4 series left",2025-07-09 13:33:07
leagueoflegends,2025,7,which dota 2 hero would be the most broken if transported into league?,2025-07-09 12:54:35
leagueoflegends,2025,7,Pentakill Timer until Respawn changed?,2025-07-09 12:50:21
leagueoflegends,2025,7,So LCK will POTENTIALLY have 6 teams in Worlds 2025 or am i just dumb?,2025-07-09 12:27:15
leagueoflegends,2025,7,Why it would be beneficial for Riot Games to implement Engagement Optimized Match Making ( EOMM ),2025-07-09 12:22:54
leagueoflegends,2025,7,"if the balance team want to nerf melee supports for pro, they should start by buffing tenacity",2025-07-09 12:00:57
leagueoflegends,2025,7,I dont see how winrate is a good indicator of how strong a champion is,2025-07-09 11:43:22
leagueoflegends,2025,7,Clutch PUSH. Nexus turret is literally finishing it's respawn animation,2025-07-09 11:37:00
leagueoflegends,2025,7,How much damage does unsealed spellbook smite actually do? And when do you have to smit together with your jungler?,2025-07-09 11:25:57
leagueoflegends,2025,7,Me and my friends tried to cook up a comp based on what we play,2025-07-09 11:20:46
leagueoflegends,2025,7,I miss OGN productions,2025-07-09 11:19:45
leagueoflegends,2025,7,Fastest Way to Get Lv.30 Guide (2025 Update),2025-07-09 11:19:07
leagueoflegends,2025,7,LoL feels more about solo picks than teamfights lately — is this just the current meta?,2025-07-09 11:03:01
leagueoflegends,2025,7,"Guys, I think I wanna see an Arcane Music Concert",2025-07-09 10:17:13
leagueoflegends,2025,7,Are there bots when you play with a champion for the first time?,2025-07-09 09:56:15
leagueoflegends,2025,7,Enhanced pointer persicion,2025-07-09 09:47:47
leagueoflegends,2025,7,Question for those of you who have attended this MSI,2025-07-09 09:29:59
leagueoflegends,2025,7,Why is emerald so depressing,2025-07-09 09:28:11
leagueoflegends,2025,7,Caliste's opinion of EU player's laziness (EN subtitles),2025-07-09 09:22:09
leagueoflegends,2025,7,Finally gold after being iron 4,2025-07-09 08:59:21
leagueoflegends,2025,7,Why does climbing ranks take so long?,2025-07-09 08:58:18
leagueoflegends,2025,7,How do you deal with throwing players / people who intentionally feed?,2025-07-09 08:57:12
leagueoflegends,2025,7,What is the point of Yuumi?,2025-07-09 08:34:48
leagueoflegends,2025,7,In hope of seeing GP against Galio in MSI,2025-07-09 08:06:07
leagueoflegends,2025,7,Genuine question: Why is the duo lane not in the middle of the map?,2025-07-09 07:53:41
leagueoflegends,2025,7,How often do you get your revenge?,2025-07-09 07:24:49
leagueoflegends,2025,7,Was this player a smurf?,2025-07-09 07:08:57
leagueoflegends,2025,7,Thoughts as a returning player after 10 year hiatus.,2025-07-09 07:07:37
leagueoflegends,2025,7,Is league going against you ?,2025-07-09 06:44:16
leagueoflegends,2025,7,Any tips for a new player?,2025-07-09 06:39:01
leagueoflegends,2025,7,FLY vs BLG HUPU Ratings & Comments - MSI 2025 - Lower Bracket Round 2,2025-07-09 06:22:28
leagueoflegends,2025,7,25.14 Full Patch Preview,2025-07-09 06:13:38
leagueoflegends,2025,7,MSI Vancouver Watchparties,2025-07-09 05:47:16
leagueoflegends,2025,7,Bwipo SETT GAMING,2025-07-09 05:18:56
leagueoflegends,2025,7,BLG vs. FLY Game 3 was an Absolute Cinema,2025-07-09 05:18:24
leagueoflegends,2025,7,Ban Phase Trick for Arena,2025-07-09 04:46:46
leagueoflegends,2025,7,Jeweled gauntlet arena,2025-07-09 04:39:49
leagueoflegends,2025,7,FlyQuest vs. Bilibili Gaming / MSI 2025 - Lower Bracket Round 2 / Post-Match Discussion,2025-07-09 04:34:48
leagueoflegends,2025,7,Esports icons?,2025-07-09 04:29:10
leagueoflegends,2025,7,First time at a tournament,2025-07-09 04:20:01
leagueoflegends,2025,7,Is there a good location to find flex queue teammates with Comms? The game just isnt fun in solo queue anymore,2025-07-09 03:36:01
leagueoflegends,2025,7,Yorick and other stat checkers shouldn't be allowed in pro play,2025-07-09 03:24:53
leagueoflegends,2025,7,Can't play ranked - EU maintenance?,2025-07-09 03:21:55
leagueoflegends,2025,7,This is what happens if no one votes in Arena,2025-07-09 02:45:14
leagueoflegends,2025,7,Who are meta objective-based jugglers? I play Viego and prioritise objectives and I'm always down CS.,2025-07-09 02:07:15
leagueoflegends,2025,7,Which animal is on this rock??,2025-07-09 01:41:50
leagueoflegends,2025,7,Unpopular View: Low elo games are very deterministic instead of being coinflips,2025-07-09 01:16:58
leagueoflegends,2025,7,So why are people locking in ADC Senna?,2025-07-09 00:39:45
leagueoflegends,2025,7,Maple possibly returning to professional play? Rumours abound in the LCP.,2025-07-09 00:39:20
leagueoflegends,2025,7,Cloudtemplar on western LOL (excerpt from recent MSI review),2025-07-09 00:24:55
leagueoflegends,2025,7,3D printed Jinx grenade.,2025-07-08 23:20:15
leagueoflegends,2025,7,2025 Mid Season Invitational / Bracket Stage / Round 2 Day 4 / Live Discussion,2025-07-08 23:01:02
leagueoflegends,2025,7,Disconnect Minute 2? - Every Game,2025-07-08 22:53:18
leagueoflegends,2025,7,is there a setting or something for riven Q to cast in direction of your cursor????,2025-07-08 22:28:32
leagueoflegends,2025,7,No more refunds for player sabotaging team feedback?,2025-07-08 22:07:23
leagueoflegends,2025,7,Does sylas ult apply malignance to enemy ult cooldown?,2025-07-08 21:33:28
leagueoflegends,2025,7,"For as long as I can remember, this river wall on SR has either been missing polygons, or they've just been transparent. So what gives? Is the absolute spandex tight, clearance level 5, art budget at Rye-bread so strict that rendering these textures will just collapse the office into a black hole?",2025-07-08 21:25:36
leagueoflegends,2025,7,"People in Montreal, what ping do you get?",2025-07-08 21:16:56
leagueoflegends,2025,7,The new chests you get from battlepass suck ass,2025-07-08 21:15:05
leagueoflegends,2025,7,Recently I can't spectate games my friends are playing.,2025-07-08 20:10:17
leagueoflegends,2025,7,"Dopa's take on ""rigged matchmaking""",2025-07-08 20:06:16
leagueoflegends,2025,7,[AL vs CFO] Galio ult bug?,2025-07-08 20:00:01
leagueoflegends,2025,7,Is this a rare skin?,2025-07-08 19:46:05
leagueoflegends,2025,7,"[PBE datamine] 2025 July 8: Braum, Fizz, Lee Sin, and more Arena changes",2025-07-08 19:42:37
leagueoflegends,2025,7,Token with an A?,2025-07-08 18:50:59
leagueoflegends,2025,7,Should I have clutched this double kill?,2025-07-08 18:27:34
leagueoflegends,2025,7,Opinion: Recieving both a dragon and Atakahn after winning a teamfight makes the game feel coinflippy,2025-07-08 18:22:09
leagueoflegends,2025,7,Wtf is this matchmaking ?,2025-07-08 18:19:49
leagueoflegends,2025,7,LOL me obligar a jugar un rol,2025-07-08 17:29:31
leagueoflegends,2025,7,What champion/first item combination is broken?,2025-07-08 17:24:11
leagueoflegends,2025,7,"FLY Bwipo: ""I joked about how in scrims, you play once, get fucked by an Asian team, and then the second block is stress relief, except you get fucked again [...] In Fearless, you can give Asian teams a broken-ass comp and lose in peace. You get fisted in 25 minutes and don't have to worry anymore""",2025-07-08 16:57:31
leagueoflegends,2025,7,All Girls League of Legends discord server,2025-07-08 16:51:39
leagueoflegends,2025,7,I made a subreddit for Arcane Vi!,2025-07-08 16:40:50
leagueoflegends,2025,7,Nemesis On  BrokenBlade's Olaf VS  Bin's  Renekton,2025-07-08 16:14:47
leagueoflegends,2025,7,"Why do people play bot lane solo, only to flame whomever their adc or sup?",2025-07-08 15:54:45
leagueoflegends,2025,7,"Thinking going to MSI on July 11 before the final, but will be late about 1 hour due to work",2025-07-08 15:46:13
leagueoflegends,2025,7,enemy bard knew exactly where I warded no matter how out of vision I was in this game.,2025-07-08 15:29:59
leagueoflegends,2025,7,Why am I getting full teams of fresh account smurfs in solo q games?,2025-07-08 15:22:24
leagueoflegends,2025,7,The matchmaking doesn’t “force” a 50% winrate,2025-07-08 15:20:37
leagueoflegends,2025,7,Somehow nobody cares that ranked has been ruined since the end of S13,2025-07-08 14:40:07
leagueoflegends,2025,7,"Idea for a ""high skill"" reaction speed based tank champion",2025-07-08 14:29:07
leagueoflegends,2025,7,The only Mel Video You Need to Watch,2025-07-08 13:38:19
leagueoflegends,2025,7,AL vs CFO - MSI 2025 - Lower Bracket Round 2,2025-07-08 13:25:57
leagueoflegends,2025,7,Caedrel's post match interview with Tabe,2025-07-08 13:23:57
leagueoflegends,2025,7,Ghoul jumps on Yorick E need to be moved to his Q,2025-07-08 13:17:07
leagueoflegends,2025,7,MSI caster speak too fast and often make no sense.,2025-07-08 13:15:19
leagueoflegends,2025,7,full AP builds on enchanter supports,2025-07-08 12:54:00
leagueoflegends,2025,7,Prime day RP?,2025-07-08 12:40:11
leagueoflegends,2025,7,Azir OTP as Iron/Bronze,2025-07-08 12:35:58
leagueoflegends,2025,7,I think Fearless is bad for the meta.,2025-07-08 12:03:51
leagueoflegends,2025,7,[Translation] CloudTemplar and Wadid's comments on the lackluster performance of the LEC: The value of learning to lane against the best and coaching staff's relationship to the players,2025-07-08 11:58:42
leagueoflegends,2025,7,Some Galio wall bumps I found,2025-07-08 11:54:23
leagueoflegends,2025,7,Maybe to OP,2025-07-08 11:02:32
leagueoflegends,2025,7,Faker turns 30 next year and is still Smurfing. Age means absolutely nothing if you're dedicated enough.,2025-07-08 10:58:04
summonerschool,2025,7,Wrong runes,2025-07-13 01:54:25
summonerschool,2025,7,Is there a quick guide anywhere on items?,2025-07-13 01:11:55
summonerschool,2025,7,Does top tower not one shot you any more when lane swapping?,2025-07-13 01:09:01
summonerschool,2025,7,Help with sidelaning as some mages.,2025-07-12 22:37:59
summonerschool,2025,7,akshan is underrated in arena,2025-07-12 20:59:35
summonerschool,2025,7,How to play trundle?,2025-07-12 18:10:24
summonerschool,2025,7,"Loading screen shows 35 ms and in game it goes to 60, need help.",2025-07-12 16:27:49
summonerschool,2025,7,Tips for playing lillia from behind?,2025-07-12 16:03:27
summonerschool,2025,7,How do you communicate (with your team) in solo queue?,2025-07-12 15:34:22
summonerschool,2025,7,VOD Review Request - Jax versus Poppy,2025-07-12 15:22:07
summonerschool,2025,7,How to remain loyal to one role,2025-07-12 13:33:34
summonerschool,2025,7,What does a mage with ignite like Zoe do after the landing phase?,2025-07-12 12:41:07
summonerschool,2025,7,"Regressing from Silver I to Bronze I, I need help",2025-07-12 12:37:56
summonerschool,2025,7,I keep getting invaded early and my laners don’t help — what should I do?,2025-07-12 12:31:50
summonerschool,2025,7,Why did Doran take Grasp on Gwen?,2025-07-12 12:28:49
summonerschool,2025,7,Corki vs Ezreal question,2025-07-12 09:30:21
summonerschool,2025,7,The difference between high elo jungle and low elo?,2025-07-12 09:24:37
summonerschool,2025,7,Learning to jungle is my hero pick hurting my learning,2025-07-12 08:39:52
summonerschool,2025,7,"Might not seem like a lot to everyone here, but after 203 games, I'm finally out of Iron!",2025-07-12 07:08:07
summonerschool,2025,7,How do I lane against a caitlyn?,2025-07-12 04:07:31
summonerschool,2025,7,Is locked camera really that bad? I sometimes get even dizzy from it,2025-07-12 03:03:04
summonerschool,2025,7,I am only good at one role,2025-07-12 03:02:09
summonerschool,2025,7,Learning items- are these good as neeko support?,2025-07-12 02:36:29
summonerschool,2025,7,Scaling champ Laning advice,2025-07-12 00:24:15
summonerschool,2025,7,What are the differences in thought process between low and high elos?,2025-07-11 17:57:21
summonerschool,2025,7,Winning lane makes me lose,2025-07-11 17:22:25
summonerschool,2025,7,Are boots that necessary for mage supports in low elo?,2025-07-11 15:31:01
summonerschool,2025,7,What to do when I can’t even contest the mid wave as adc?,2025-07-11 14:36:57
summonerschool,2025,7,How and when to proxy toplane?,2025-07-11 14:25:02
summonerschool,2025,7,Buying Dark Seal in Mid,2025-07-11 11:01:31
summonerschool,2025,7,Any advice on my performance,2025-07-11 08:02:42
summonerschool,2025,7,really really need help at climbing,2025-07-11 03:41:37
summonerschool,2025,7,Advice for climbing out of bronze,2025-07-10 23:51:49
summonerschool,2025,7,What type of comps are there and how do you identify them?,2025-07-10 18:34:54
summonerschool,2025,7,Popularity of Mained Roles in Different Ranks,2025-07-10 16:24:45
summonerschool,2025,7,Laning with ranged supports vs engage,2025-07-10 14:22:31
summonerschool,2025,7,Question about Lux builds,2025-07-10 13:51:16
summonerschool,2025,7,Why do pro players pick kalista?,2025-07-10 05:19:13
summonerschool,2025,7,Don't ward against Pyke? Confused about interaction today,2025-07-10 04:41:54
summonerschool,2025,7,My biggest problem with mechanics,2025-07-10 04:38:58
summonerschool,2025,7,Is it normal to use attack move click as mb1,2025-07-09 23:34:51
summonerschool,2025,7,Game Plan for botlane mages,2025-07-09 15:37:00
summonerschool,2025,7,"Advice for a Iron mid player, playing Akali, Ahri and Orianna",2025-07-09 12:56:39
summonerschool,2025,7,Lethality builds,2025-07-09 10:23:49
summonerschool,2025,7,"Hardstuck Iron 4 Jungle, what are the fundamentals I am missing and need in order to rank up.",2025-07-09 04:47:19
summonerschool,2025,7,Attempting to learn Flash Timing.,2025-07-09 03:35:19
summonerschool,2025,7,Completely new to the game,2025-07-08 22:27:53
summonerschool,2025,7,What do I do as a Jungler when I am getting constantly invaded?,2025-07-08 22:06:39
summonerschool,2025,7,I need some help with sweeper/Teemo shroom question.,2025-07-08 20:52:44
summonerschool,2025,7,Coming back to Lol and Jungle,2025-07-08 16:56:14
summonerschool,2025,7,"Newer to the Game, Need Help With Reviewing",2025-07-08 16:40:37
summonerschool,2025,7,What DPI and Sensitivity do LoL players use?,2025-07-08 16:01:13
summonerschool,2025,7,Malphite Support?,2025-07-08 14:59:22
summonerschool,2025,7,What is the reason ADCs are bad junglers?,2025-07-08 12:38:03
summonerschool,2025,7,Organized 5v5 and Solo queue: What’s the difference?,2025-07-08 09:18:08
summonerschool,2025,7,I have seen in league different types of damages how many are there and which is their difference??,2025-07-08 08:27:53
summonerschool,2025,7,What's the difference between lethality and armor penetration??,2025-07-08 08:08:25
summonerschool,2025,7,When can I go roaming as support?,2025-07-08 03:34:38
summonerschool,2025,7,How to not move the camera back to base when recalling?,2025-07-08 02:43:27
summonerschool,2025,7,Can somebody please explain damage types and resistances to me,2025-07-08 02:30:42
summonerschool,2025,7,How do YOU deal with toxicity in ranked?,2025-07-08 02:16:00
summonerschool,2025,7,catch wave or join a play as midlane viktor?,2025-07-08 00:19:00
summonerschool,2025,7,What is the correct way to play a 2v2 bot to win the race to lvl 2?,2025-07-07 23:01:50
summonerschool,2025,7,Atakhan == win?,2025-07-07 20:03:49
summonerschool,2025,7,How can I avoid ranked restrictions as a new player trying his best but can't hold his tongue,2025-07-07 19:27:48
summonerschool,2025,7,whats the correct way to avoid face checking bushes?,2025-07-07 19:22:21
summonerschool,2025,7,What does explain the discrepancy between the ad of base values + Items and the actual values in the game?,2025-07-07 17:44:25
summonerschool,2025,7,Why are multiple ap comps bad?,2025-07-07 17:10:41
summonerschool,2025,7,Who is individually tankier? 40 minute Ornn or 40 minute Sion?,2025-07-07 15:08:08
summonerschool,2025,7,First Strike value and reference points,2025-07-07 14:19:25
summonerschool,2025,7,Off meta-picks?,2025-07-07 04:25:56
summonerschool,2025,7,Why are ranged junglers so rare?,2025-07-07 02:24:16
summonerschool,2025,7,Why does it seem like CS is so much lower across the board than it used to be?,2025-07-07 01:24:28
summonerschool,2025,7,Alternatives to ryze?,2025-07-06 21:52:36
summonerschool,2025,7,What to do in this situation? Dive or not?,2025-07-06 21:45:49
summonerschool,2025,7,How is Viktor For Solo Queue?,2025-07-06 21:16:09
summonerschool,2025,7,"As a jhin, how do I play into a soraka support?",2025-07-06 20:41:10
summonerschool,2025,7,how to start league over as a jungle player,2025-07-06 20:10:49
summonerschool,2025,7,The splitpush question,2025-07-06 18:40:35
summonerschool,2025,7,How can I have a fair game as a complete beginner ?,2025-07-06 16:06:26
summonerschool,2025,7,Swiftplay questions,2025-07-06 15:54:44
summonerschool,2025,7,Roaming always feels like a loss — how do you evaluate whether it was worth?,2025-07-06 13:29:03
summonerschool,2025,7,How to farm against Gwen or Mordekaiser when playing melee champion?,2025-07-06 12:36:51
summonerschool,2025,7,What do you guys look for in a VOD?,2025-07-06 10:20:34
summonerschool,2025,7,How to counter sylas?,2025-07-06 09:26:50
summonerschool,2025,7,Hey guys I'm a Twisted Fate onetrick and while I plan on onetricking Twisted Fate for a long time I had some ideas for different champions I could learn later down the line that could seemingly be easier to transfer some skills for a champion pool so I wanted some help on how to navigate my thoughts,2025-07-06 05:09:13
summonerschool,2025,7,Bad internet connection. What can I do to (effectively) practice until it’s fixed?,2025-07-06 04:48:29
summonerschool,2025,7,On hit question,2025-07-06 00:42:26
summonerschool,2025,7,Macro in low elo,2025-07-05 22:36:24
summonerschool,2025,7,How to actually improve on your secondary roles?,2025-07-05 22:14:44
summonerschool,2025,7,First Dragon Prioritization?,2025-07-05 21:13:31
summonerschool,2025,7,How do I beat Ekko as Vex?,2025-07-05 20:26:36
summonerschool,2025,7,i need some help with my league settings please read the body text!,2025-07-05 09:36:19
summonerschool,2025,7,How to actually deal with backdoor/split pusher?????,2025-07-05 03:35:19
summonerschool,2025,7,Why do we max skills rather than spread skill ups?,2025-07-04 20:59:31
summonerschool,2025,7,"I run a lot into a scenario as a toplaner that I win lane, spread my lead helping behind team to find my enemy top that afk farmed in a sidelane very strong and becomes a problem, what am I doing wrong?",2025-07-04 18:47:07
summonerschool,2025,7,Is it a crooked thought that i think i could cheat my way out of iron with support role?,2025-07-04 15:32:57
summonerschool,2025,7,Wave management: When should I freeze vs shove,2025-07-04 13:33:49
summonerschool,2025,7,I suck at league. need help 🙏🙏,2025-07-04 12:41:14
summonerschool,2025,7,How do you pick 2 roles?,2025-07-04 09:32:38
summonerschool,2025,7,"New Player Here, AND I AM STUMPED. IDK what im doing wrong.",2025-07-04 08:20:21
summonerschool,2025,7,Why am I having success with mid laners in the top lane and top laners in the mid lane?,2025-07-04 08:17:01
summonerschool,2025,7,I don’t understand how I’m winning,2025-07-04 06:26:31
summonerschool,2025,7,What to do in this exact scenario (Wave management)?,2025-07-04 06:19:25
summonerschool,2025,7,How to practice clone control?,2025-07-04 05:01:21
summonerschool,2025,7,I have a mental block against Ambessa,2025-07-04 04:56:32
summonerschool,2025,7,ADC Movement speed way to slow,2025-07-03 22:21:20
summonerschool,2025,7,"Ignite, the only good anti heal?",2025-07-03 22:08:15
summonerschool,2025,7,Why is Leona so hard to play in mid to high Elo?,2025-07-03 20:18:08
summonerschool,2025,7,What to do when playing against enemies who vastly outclass you?,2025-07-03 20:14:19
summonerschool,2025,7,"""Safest"" mid lane blind pick?",2025-07-03 15:36:01
summonerschool,2025,7,Trading deaths for farm,2025-07-03 14:42:13
summonerschool,2025,7,Use case for a bruiser midlane?,2025-07-03 10:55:23
summonerschool,2025,7,How do I get to the point where I stop following build guides?,2025-07-03 08:20:49
summonerschool,2025,7,Why is Irelia not an acceptable counter to Yorick in pro?,2025-07-03 03:42:32
summonerschool,2025,7,What does it mean to fall off?,2025-07-03 02:48:11
summonerschool,2025,7,Carry JG when our comp has no frontline,2025-07-03 02:20:40
summonerschool,2025,7,How Do You Stay Useful as ADC When Solo Laners Get Fed?,2025-07-03 01:12:01
summonerschool,2025,7,Strange bot lane combos,2025-07-03 00:00:26
summonerschool,2025,7,"(""Guide"") If you can´t improve your mechanics, you may be approaching it wrong",2025-07-02 23:30:04
summonerschool,2025,7,Hardstuck iron after 500 games played,2025-07-02 20:58:17
summonerschool,2025,7,(adc) what is the difference between average 7.2 cs/min and 8.7 cs/min?,2025-07-02 18:59:45
summonerschool,2025,7,Help me learn things while climbing -,2025-07-02 18:24:52
summonerschool,2025,7,First full item (kraken vs bork vs collector vs yuntal vs essence reaver). ADC context,2025-07-02 17:22:04
summonerschool,2025,7,General tips to handle chaotic games better?,2025-07-02 13:35:38
summonerschool,2025,7,ARAM player trying to learn line stage,2025-07-02 07:45:56
summonerschool,2025,7,"Why does Gangplank's Q count as ranged attack, but Poppy's passive count as melee attack, while Samira's entire kit is ranged despite her having melee attack animations?",2025-07-02 06:09:37
summonerschool,2025,7,Am I going to get steamrolled in ranked?,2025-07-02 01:54:33
summonerschool,2025,7,What’s with all the troll picks in Gold?,2025-07-02 00:57:37
summonerschool,2025,7,"I feel like top lane is 70+ % about matchup knowledge, how can I get better without just knowing every single matchup?",2025-07-01 23:02:24
summonerschool,2025,7,What happens when i take a stack of dark harvest exactly?,2025-07-01 20:29:09
summonerschool,2025,7,Who is a better late game scaler cho'gath or tank?,2025-07-01 20:00:50
summonerschool,2025,7,Someone explain the difference between AP and AD like I'm a child,2025-07-01 18:55:41
summonerschool,2025,7,How to win against Yorick,2025-07-01 17:28:36
summonerschool,2025,7,"Is ""S-Tier"" champions actually the best?",2025-07-01 17:17:05
summonerschool,2025,7,Question about anti heal,2025-07-01 10:17:47
summonerschool,2025,7,"I have 0 impact when playing ""correctly""",2025-07-01 08:40:03
summonerschool,2025,7,How do you know if a champ is AD or AP?,2025-07-01 07:10:37
summonerschool,2025,7,How to Improve as Lux,2025-07-01 05:28:13
summonerschool,2025,7,Is sundered sky just an outright weak item?,2025-07-01 04:38:36
summonerschool,2025,7,Why build bruiser items on Nocturne,2025-07-01 03:22:12
summonerschool,2025,6,How do you keep your mouse hand and arm while playing?,2025-06-30 20:36:46
summonerschool,2025,6,"""You need to bait their X before you can fight""",2025-06-30 17:33:25
summonerschool,2025,6,Selling boots late game,2025-06-30 15:48:55
summonerschool,2025,6,No progress after 70 games,2025-06-30 15:05:30
summonerschool,2025,6,Having a hard time stacking conqueror,2025-06-30 14:26:07
summonerschool,2025,6,Playing when behind and losing lane.,2025-06-30 14:00:38
summonerschool,2025,6,"How to prevent throws and end quickly, when very ahead?",2025-06-30 06:30:40
summonerschool,2025,6,Are there any website that show aggregated data for longer periods (1+ year)?,2025-06-30 05:12:40
summonerschool,2025,6,Need help with ranked,2025-06-30 03:45:34
summonerschool,2025,6,Learning Unlocked Cam,2025-06-30 02:42:19
summonerschool,2025,6,"Last serious game was 7 years ago, last played game was 3 years ago, planning to go back as a jungler (main role) what's the new meta and what do I need to know?",2025-06-30 02:10:33
summonerschool,2025,6,How do I deal with being stat checked the entire laning phase?,2025-06-29 21:46:48
summonerschool,2025,6,What shall i do when i'm playing mages and the enemy team has so many shields?,2025-06-29 20:25:25
summonerschool,2025,6,Bronze to Diamond 2 in 6 months,2025-06-29 20:22:38
summonerschool,2025,6,Wtf do I do into assassins?,2025-06-29 17:58:43
summonerschool,2025,6,"""Loses when behind"" macro tips",2025-06-29 15:11:21
summonerschool,2025,6,Ionian boots,2025-06-29 14:56:11
summonerschool,2025,6,Why do higher elo players delay/not finish their first item early on?,2025-06-29 14:19:21
summonerschool,2025,6,Best clash team comps? How to,2025-06-29 04:27:54
summonerschool,2025,6,Is apologizing to a tilted teammate worth it to save a ranked game?,2025-06-28 21:09:17
summonerschool,2025,6,I just made it gold with zero communications and no pings,2025-06-28 19:24:44
summonerschool,2025,6,Question regarding adc in team fight,2025-06-28 14:46:37
summonerschool,2025,6,Mechanics od healing potions and biscuits,2025-06-28 09:46:45
summonerschool,2025,6,"One of the most fun, unexpected, effective off-meta builds I've ever played (Tank Karthus Build).",2025-06-28 07:32:35
summonerschool,2025,6,How to climb out of plat/emerald?,2025-06-28 06:29:50
summonerschool,2025,6,Why low elo players don't buy anti heal?,2025-06-28 05:46:30
summonerschool,2025,6,Clash and Scrims champ pool,2025-06-27 23:05:46
summonerschool,2025,6,Can the passive healing from rod of ages be increased past the cap by using certain items and runes?,2025-06-27 19:17:20
summonerschool,2025,6,Teamplay on Top-lane,2025-06-27 17:55:52
summonerschool,2025,6,How exactly do you slow/fast push and freeze? And when do we do those things respectively?,2025-06-27 06:35:42
summonerschool,2025,6,What Elixir On Enchanters?,2025-06-26 16:32:59
summonerschool,2025,6,How to beat vayne (ADC)?,2025-06-26 12:28:18
summonerschool,2025,6,If I completely stomp lane should I stay top or should I roam?,2025-06-26 06:25:05
summonerschool,2025,6,What do I do in this situation?,2025-06-25 23:45:03
summonerschool,2025,6,"What is better, to win lane or fit your your team comp?",2025-06-25 22:24:18
summonerschool,2025,6,Few questions about csing and waves,2025-06-25 19:40:11
summonerschool,2025,6,Veteran player trying to hit Master from Support – should I 2-trick or stay flexible?,2025-06-25 15:22:29
summonerschool,2025,6,Control Wards? In general and as ADC,2025-06-25 06:09:34
summonerschool,2025,6,Kraken + BORK synergy,2025-06-25 04:53:59
summonerschool,2025,6,How to carry in low elo?,2025-06-25 01:58:33
summonerschool,2025,6,Need some help climbing with Yone and Yasuo.,2025-06-25 01:39:29
summonerschool,2025,6,Fed Kyle,2025-06-24 23:19:13
summonerschool,2025,6,Why/When would you run TP as an ADC?,2025-06-24 21:37:52
summonerschool,2025,6,"Were my macro decisions wrong? (baron over mid push, baron over elder fight)",2025-06-24 19:46:38
summonerschool,2025,6,How to actually learn how to itemize and judge certain builds?,2025-06-24 18:54:46
summonerschool,2025,6,When to take SF Top Lane?,2025-06-24 17:45:23
summonerschool,2025,6,Why is kaisa the number 1 picked adc in diamond to challenger,2025-06-24 14:19:51
summonerschool,2025,6,What to do if getting perma zoned off of cs to the point your enemy laner has twice as much cs by minute 15?,2025-06-24 12:37:15
summonerschool,2025,6,Should I attack laners as a jungler?,2025-06-24 11:40:16
summonerschool,2025,6,How to end games?,2025-06-24 10:43:54
summonerschool,2025,6,How to punish scaling champs at top lane?,2025-06-24 08:53:47
summonerschool,2025,6,how to carry tough games when being the only one ahead ( Jngl ),2025-06-24 01:53:10
summonerschool,2025,6,Why doesnt Mundo have a higher winrate? What keeps the champion balanced?,2025-06-23 23:53:49
summonerschool,2025,6,Setting micro-goals during game for improving,2025-06-23 19:52:34
summonerschool,2025,6,How to play Garen vs Teemo matchup?,2025-06-23 16:23:04
summonerschool,2025,6,"how do you see the difference between top and mid lane in terms of difficulty, decision-making, and impact?",2025-06-23 15:53:31
summonerschool,2025,6,Advice for a duo,2025-06-23 11:55:08
summonerschool,2025,6,Recall timers,2025-06-23 10:03:53
summonerschool,2025,6,What to Do When a Teammate Stops Trying,2025-06-23 09:40:24
summonerschool,2025,6,Do I study high-elo VODs or matches played in my elo?,2025-06-23 09:05:27
summonerschool,2025,6,How do i teamfight with Juggernauts from behind?,2025-06-23 07:28:28
summonerschool,2025,6,Are there any useful resources for a returning (ex) high elo ADC player? Questions included in post.,2025-06-23 02:03:29
summonerschool,2025,6,How do i prevent infighting and promote team cooperation and coordination?,2025-06-23 01:06:57
summonerschool,2025,6,"If a jungler ganks and doesn't take a kill, is it good for him to take the wave of his laner or should all gold go towards the lane he ganked?",2025-06-22 23:32:54
summonerschool,2025,6,I Climbed from Bronze 4 to Emerald 4 this season with a 68% wr on 2 accounts (Thanks to help from this Sub),2025-06-22 22:51:33
summonerschool,2025,6,How to stabilize when behind on voli jgl,2025-06-22 20:25:04
summonerschool,2025,6,How to maximize learning watching challenger vods,2025-06-22 18:37:47
summonerschool,2025,6,5v5 competitive advice,2025-06-22 17:27:56
summonerschool,2025,6,How does turret aggro work for minions?(Last hitting),2025-06-22 13:11:59
summonerschool,2025,6,"Hello everyone, how long did it take you to reach whatever solo queue rank you’ve achieved, and how much of it were you just chilling and how much super tryharding?",2025-06-22 12:16:23
summonerschool,2025,6,Ward deep jungle or ward objective?,2025-06-22 09:41:55
summonerschool,2025,6,Brand jungle too weak?,2025-06-22 04:11:44
summonerschool,2025,6,How do I LEARN how to play the game correctly?,2025-06-22 00:15:36
summonerschool,2025,6,What are the Master+ 'rules of good engagement'?,2025-06-21 23:26:07
summonerschool,2025,6,What Are You Even Supposed To Do Against Fizz?,2025-06-21 22:46:07
summonerschool,2025,6,Looking for a more self-focused role – time to take a break from support,2025-06-21 14:58:10
summonerschool,2025,6,"Higher elo players (Emerald 2 & above), what do you enjoy about the game?",2025-06-21 12:39:29
summonerschool,2025,6,I climbed from Emerald 4 to Diamond 4 in 56 games after swapping to jungle. I was stuck for 450 games.,2025-06-21 03:36:31
summonerschool,2025,6,Do the ranks fit into noticeable skill brackets?,2025-06-21 02:29:33
summonerschool,2025,6,Any app to create custom rune pages for fast import?,2025-06-21 01:54:22
summonerschool,2025,6,Stuck in Iron IV - 0 LP (Support),2025-06-20 22:27:35
summonerschool,2025,6,How do you deal with Ranked Anxiety?,2025-06-20 14:36:43
summonerschool,2025,6,Adc players what do you do if you have a mage support?,2025-06-20 13:56:43
summonerschool,2025,6,Switching from support to mid  looking for tips on what to learn and what to avoid,2025-06-20 10:26:39
summonerschool,2025,6,Promoted to Silver - now what?,2025-06-20 07:32:16
summonerschool,2025,6,New player struggling to learn >:),2025-06-20 05:33:06
summonerschool,2025,6,Darius vs Aatrox matchup,2025-06-20 00:55:49
summonerschool,2025,6,has laneswap detection changed?,2025-06-19 20:52:02
summonerschool,2025,6,"Not afraid to fail, just afraid to play safe what’s the best solo role?",2025-06-19 20:30:48
summonerschool,2025,6,"After 150 games of Swain, I have, apparently, learned very little...",2025-06-19 19:26:42
summonerschool,2025,6,How do you get better at positioning?,2025-06-19 19:25:45
summonerschool,2025,6,Need a top lane macro recipe,2025-06-19 18:38:38
summonerschool,2025,6,What’s the best solo role for a high-risk aggressive playstyle?,2025-06-19 17:14:09
summonerschool,2025,6,Demolish VS Overgrowth,2025-06-19 17:06:04
summonerschool,2025,6,Help with Aatrox vs Sett Matchup Struggling with Early Game,2025-06-19 15:29:36
summonerschool,2025,6,Waveclearing feels slow in League,2025-06-19 15:10:22
summonerschool,2025,6,Stuck bouncing between P1/E4 Toplane,2025-06-19 11:48:52
summonerschool,2025,6,AP Nautilus?,2025-06-19 10:59:50
summonerschool,2025,6,Am I using the World Atlas item wrong when it comes to farming?,2025-06-19 07:30:42
summonerschool,2025,6,Bot lane trading stance,2025-06-19 00:16:18
summonerschool,2025,6,Is it a mistake to take the first tower too early?,2025-06-18 19:37:06
summonerschool,2025,6,What is the most game-changing advice you've ever received/you can give?,2025-06-18 17:25:08
summonerschool,2025,6,How do you play in drafts without frontline/CC?,2025-06-18 09:46:13
summonerschool,2025,6,What do I even do at a certain point?,2025-06-18 06:29:25
summonerschool,2025,6,In-Game goals (Mid),2025-06-18 04:31:07
summonerschool,2025,6,What is the thought process when it comes to using Herald correctly?,2025-06-17 23:24:21
summonerschool,2025,6,How to handle roamind mid opponent,2025-06-17 23:09:52
summonerschool,2025,6,How to Do the Neeko Clone Extension?,2025-06-17 22:27:06
summonerschool,2025,6,How to play Braum and what is the mindset of tank supps,2025-06-17 21:09:19
summonerschool,2025,6,I’m playing worse every day,2025-06-17 19:19:53
summonerschool,2025,6,What Rank to choose when going for Builds online ?,2025-06-17 19:14:32
summonerschool,2025,6,Draft and Coach help!,2025-06-17 16:53:00
summonerschool,2025,6,Could someone enlighten me on what the purpose of mananune/muramana is?,2025-06-17 15:40:06
summonerschool,2025,6,Help fighting against ranged/kiting teams (not laning phase),2025-06-17 14:08:54
summonerschool,2025,6,Release date diff enjoyer here,2025-06-17 14:04:51
summonerschool,2025,6,What’s the best way to optimize long breaks to maximize learning,2025-06-17 13:23:06
summonerschool,2025,6,Midland Low kills high assists,2025-06-17 10:35:08
summonerschool,2025,6,Support main going top - tips?,2025-06-17 09:10:03
summonerschool,2025,6,is it bad that i perma mute all at the start of soloQ game every time ?,2025-06-17 06:33:45
summonerschool,2025,6,When should I swap with Bot as a Mid laner?,2025-06-17 01:01:14
summonerschool,2025,6,How do I get better? I've been playing for a year and I can't keep up.,2025-06-17 00:56:29
summonerschool,2025,6,"So, how to expand lead and carry or 1v9 form top lane?",2025-06-16 22:15:41
summonerschool,2025,6,Game Flow & Mid Lane Questions,2025-06-16 22:04:28
summonerschool,2025,6,Any tips on how to counter malphite as an AD Top Bruiser/Fighter?,2025-06-16 19:27:08
summonerschool,2025,6,"I'm a very binary player, either i feed or i get fed, no in between.",2025-06-16 18:19:41
summonerschool,2025,6,Jhin Question,2025-06-16 15:41:15
summonerschool,2025,6,How are you going to cast spells with the WASD gameplay?,2025-06-16 12:47:54
summonerschool,2025,6,Adc<->Sup roleswap off-meta is coming back? (Discussion),2025-06-16 10:37:56
summonerschool,2025,6,Veigar,2025-06-16 05:49:06
summonerschool,2025,6,Why is Rammus jungle not a more popular pick?,2025-06-16 03:55:53
summonerschool,2025,6,I have a general question.,2025-06-16 01:12:25
summonerschool,2025,6,How did summoners rift change since season 7?,2025-06-15 21:28:05
summonerschool,2025,6,Nasus mid,2025-06-15 16:01:02
summonerschool,2025,6,How to CS better toplane?,2025-06-15 14:15:23
summonerschool,2025,6,"Really struggling to get out of Bronze, please help me improve!!",2025-06-15 12:32:05
summonerschool,2025,6,When to follow roaming midlaners,2025-06-15 12:17:41
summonerschool,2025,6,How to lane/play the damn game as Anivia (or other short ish ranged champions) against Syndra/sort of Xerath/Hwei as well?,2025-06-15 10:10:59
summonerschool,2025,6,Reminder to no believe everything that people claim here,2025-06-15 09:37:02
summonerschool,2025,6,why is ryze jungle not a thing?,2025-06-15 09:02:52
summonerschool,2025,6,Is there an add-on for MAC that gives me jungle timers?,2025-06-15 09:02:49
summonerschool,2025,6,I want to learn Draven what are my first steps?,2025-06-14 23:00:14
summonerschool,2025,6,What do when team won’t come to obj with prio and spam pings,2025-06-14 19:10:52
summonerschool,2025,6,Yorick and Illoai,2025-06-14 13:40:07
summonerschool,2025,6,Are overlays recommended for new players?,2025-06-14 09:56:22
summonerschool,2025,6,Figuring out an AP Sona Build,2025-06-14 07:25:40
summonerschool,2025,6,How to jump into Ranked as an ARAM player?,2025-06-14 07:17:23
summonerschool,2025,6,How do I play into multi tank comps?,2025-06-14 02:37:16
summonerschool,2025,6,What should I do to Improve?,2025-06-13 23:03:42
summonerschool,2025,6,Is there another champ that can cc+flash? (Read for context),2025-06-13 20:10:01
summonerschool,2025,6,As a Malp enjoyer here's how you Malp without AP but still will be a wreaking ball,2025-06-13 20:08:10
summonerschool,2025,6,"New player, all roles seem fun – which one should I stick with?",2025-06-13 18:09:34
summonerschool,2025,6,Tip to dodge certain Stuns and Spells better,2025-06-13 17:48:27
summonerschool,2025,6,Breaking freezes against tanks,2025-06-13 16:02:25
summonerschool,2025,6,In depth TF vs Sylas guide,2025-06-13 16:01:14
summonerschool,2025,6,Mid alternative pick,2025-06-13 14:59:40
summonerschool,2025,6,I put together a Flex team to play each week and we've been improving dramatically.,2025-06-13 13:55:15
summonerschool,2025,6,What are some small AND big mid-game mistakes that people do that could improve on?,2025-06-13 13:52:15
summonerschool,2025,6,"How to play against a very good Zoe/Viego/Bard, as an immobile mage, when your team has no frontline/doesn’t contest fog of war?",2025-06-13 13:10:03
summonerschool,2025,6,How to roam as a toplaner and make more impact for the team?,2025-06-13 09:22:35
summonerschool,2025,6,Bounty system,2025-06-12 19:35:28
summonerschool,2025,6,What would be a good scenario for this outcome?,2025-06-12 18:41:00
summonerschool,2025,6,"Plat 4 0 LP on SEA after climbing from Silver 2 – stuck in a massive losing streak, need mental-game/MMR advice",2025-06-12 16:24:37
summonerschool,2025,6,brand tips,2025-06-12 14:29:57
summonerschool,2025,6,"I want to try smolder, should I pick ADC or mid for the first time?",2025-06-12 13:25:32
summonerschool,2025,6,What can I do against a Varus top?,2025-06-12 00:40:48
summonerschool,2025,6,[Meta] Tags (or rule changes ) for posts with VODs / clips?,2025-06-11 19:47:09
summonerschool,2025,6,Best way to learn new champions without tanking the game?,2025-06-11 15:25:16
summonerschool,2025,6,[Jungle] How to properly “bail out” your laners,2025-06-11 13:26:25
summonerschool,2025,6,The couple last games have been an utter disaster,2025-06-11 12:40:33
summonerschool,2025,6,Any advices for learning Lee Sin ?,2025-06-11 12:14:30
summonerschool,2025,6,Jack of All Trades,2025-06-11 07:01:04
summonerschool,2025,6,Double trouble,2025-06-11 05:10:59
summonerschool,2025,6,How Soloq accidentaly fixed my mental health (Story),2025-06-11 00:06:54
summonerschool,2025,6,"""Toplane Fundamentals""",2025-06-10 21:54:42
summonerschool,2025,6,How to catch up to opponent when im falling behind,2025-06-10 18:55:31
summonerschool,2025,6,How to improve split second decision making? I feel like a lot of fights I lose are not because I get caught or am behind in the game..but because I stun or ult the wrong person.,2025-06-10 18:46:28
summonerschool,2025,6,Transitioning from Wild Rift to PC - are these missing features hidden in the settings?,2025-06-10 17:09:06
summonerschool,2025,6,Genuinely how do I end my games faster,2025-06-10 16:44:12
summonerschool,2025,6,Any advice for a Zyra player trying to get out of Gold?,2025-06-10 14:21:38
summonerschool,2025,6,I learn Rengar and Jungle at the same time big mistake.,2025-06-10 10:34:05
summonerschool,2025,6,Death's dance lifesteal interaction,2025-06-10 10:23:41
summonerschool,2025,6,Scenarios for picking Viktor over Syndra,2025-06-10 07:15:28
summonerschool,2025,6,What is the formula for dealing damage?,2025-06-10 01:37:51
summonerschool,2025,6,How to play WITH a permaroaming support as the ADC,2025-06-09 22:56:35
summonerschool,2025,6,How can I play with my friends without having them get smashed?,2025-06-09 17:52:42
summonerschool,2025,6,What to do against perma farm junglers? (Karthus Graves ect),2025-06-09 16:26:14
summonerschool,2025,6,How to get started with jungling?,2025-06-09 09:00:26
summonerschool,2025,6,"Top Lane Urgot - Struggling to Balance CS and Objectives, Looking for Strategies to Improve",2025-06-09 07:48:41
summonerschool,2025,6,"ShortRange ADC player - How do i change to AutoAttackA, and how do I break that habit?",2025-06-09 02:43:19
summonerschool,2025,6,when I should Pick an aggressive jungler?,2025-06-09 01:01:38
summonerschool,2025,6,Ekko Jungle OTP struggling to learn Kha'Zix,2025-06-08 23:38:40
summonerschool,2025,6,How to set vision control around objectives as Zilean and not die in low elo?,2025-06-08 21:47:37
summonerschool,2025,6,Wana try learn jungle,2025-06-08 21:47:27
summonerschool,2025,6,How do I become more aware of when to roam?,2025-06-08 19:37:33
summonerschool,2025,6,Support main forever thinking about going jungle,2025-06-08 18:53:38
summonerschool,2025,6,I kinda suck at teamfighting with anything that isn't a tank or has extremely high range.,2025-06-08 18:41:07
summonerschool,2025,6,Singed Matchup Resource,2025-06-08 14:58:29
summonerschool,2025,6,How to play midgame as a midlane mage?,2025-06-08 14:29:00
summonerschool,2025,6,Silver ADC player struggling to convert leads,2025-06-08 02:10:41
summonerschool,2025,6,What are some actual useful toplaners? (Specifically for teamfights),2025-06-07 21:23:18
summonerschool,2025,6,How to play as an fill player?,2025-06-07 15:57:34
summonerschool,2025,6,How do i teach my friends to play the game?,2025-06-07 09:19:21
summonerschool,2025,6,How do I carry out of bronze as a rengar player,2025-06-07 08:13:53
summonerschool,2025,6,Bot Lane Matchups,2025-06-07 06:03:00
summonerschool,2025,6,Does Dr.Mundo scale as well as most people say? The winrate by game length says otherwise.,2025-06-07 04:31:23
summonerschool,2025,6,What happened to Caitlyn's auto?,2025-06-06 22:39:29
summonerschool,2025,6,Jungle pathing krugs,2025-06-06 20:33:37
summonerschool,2025,6,Ahri aery vs electrocute,2025-06-06 20:21:49
summonerschool,2025,6,best sp/mage to kill late game mundo,2025-06-06 10:14:59
summonerschool,2025,6,Free Coaching Friday - LEC Level Coaching,2025-06-06 09:07:26
summonerschool,2025,6,Not able to carry as bruiser?,2025-06-05 15:39:10
summonerschool,2025,6,When is the ward item box useful?,2025-06-05 14:43:33
summonerschool,2025,6,How to go from diamond to high master?,2025-06-05 14:13:37
summonerschool,2025,6,Bami item worth it late game?,2025-06-05 11:11:07
summonerschool,2025,6,How do I Carry Out of Iron/Bronze as an ADC?,2025-06-05 02:49:40
summonerschool,2025,6,Need team comp suggestions / synergy for $500 tournament,2025-06-05 02:45:16
summonerschool,2025,6,Misclick/button mashing/using flash instead of ignite...,2025-06-04 23:32:31
summonerschool,2025,6,How do I win when  teammates are far behind as adc?,2025-06-04 22:34:52
summonerschool,2025,6,"Is it possible to dodge Blitz's hook purely by reaction after he casts it, or is it just a matter of prediction?",2025-06-04 19:37:51
summonerschool,2025,6,Learning matchups/synergies as an ADC,2025-06-04 19:06:26
summonerschool,2025,6,What makes champion a GOOD blind pick,2025-06-04 16:50:40
summonerschool,2025,6,Need help figuring out how to win matchups top as a new player,2025-06-04 16:05:51
summonerschool,2025,6,How to play as Yasuo vs Akali,2025-06-04 13:58:08
summonerschool,2025,6,Ahri help,2025-06-04 13:44:52
summonerschool,2025,6,Does Cosmic insight lower cd of Unsealed spellbook?,2025-06-04 09:32:31
summonerschool,2025,6,How to splitpush when ahead?,2025-06-04 07:34:23
summonerschool,2025,6,I want to get more familiar with playing bot lane (ADC),2025-06-04 04:37:11
summonerschool,2025,6,Trying to improve as Rakan,2025-06-03 22:44:20
summonerschool,2025,6,How do i prevent enemy team from getting gold lead when my team is already ahead?,2025-06-03 21:38:05
summonerschool,2025,6,Mundo vs Zac in late game?,2025-06-03 19:32:50
summonerschool,2025,6,Following up on my 2:59 Nidalee Raptor Start Clear: Easier version videos & the in-depth guide are finally out,2025-06-03 18:44:41
summonerschool,2025,6,You guys ever notice that minion waves stop right in front of the T2 tower?,2025-06-03 16:51:04
summonerschool,2025,6,"How can I find out a champions identity, strengths, & weaknesses?",2025-06-03 16:16:57
summonerschool,2025,6,Don't recall to join the teamfight. Keep splitpushing.,2025-06-03 04:35:17
summonerschool,2025,6,What to do after a crash?,2025-06-03 02:30:33
summonerschool,2025,6,What guides to follow,2025-06-03 01:32:55
summonerschool,2025,6,Unsealed Spellbook smite questions,2025-06-02 19:21:46
summonerschool,2025,6,Why use Vladimir mid instead of top?,2025-06-02 18:40:35
summonerschool,2025,6,Seriously what are you supposed to draft against this comp?,2025-06-02 12:57:48
summonerschool,2025,6,How to follow the esports side of league,2025-06-02 10:21:23
summonerschool,2025,6,General improvement,2025-06-02 07:39:55
summonerschool,2025,6,Help understanding dragons ect,2025-06-02 07:36:35
summonerschool,2025,6,Mid-lane base timers against waveclear,2025-06-02 04:19:45
summonerschool,2025,6,"Your least favorite Swain player is back with more questions, now from the dizzying heights of Bronze IV...",2025-06-02 01:33:20
summonerschool,2025,6,Laning against Diana mid tips?,2025-06-02 01:32:21
summonerschool,2025,6,Is low Gold equivalent to mid Silver pre-Emerald?,2025-06-01 21:12:05
summonerschool,2025,6,Who am i meant to play against ranged tops?,2025-06-01 19:57:07
summonerschool,2025,6,Why I am ALWAYS behind during lane phase?,2025-06-01 19:53:28
summonerschool,2025,6,Viego vod help.,2025-06-01 17:53:44
summonerschool,2025,6,Low dpi,2025-06-01 16:25:17
summonerschool,2025,6,"I'm legendary (mid) and all my lanes are still losing, next step?",2025-06-01 15:21:18
summonerschool,2025,6,What to teach to a bronze adc friend that asked for coaching?,2025-06-01 13:24:18
summonerschool,2025,6,What do I do against trynd jungle,2025-06-01 13:13:50
summonerschool,2025,6,Is it realistic to make a flowchart of how to pick what champion you should pick?,2025-06-01 10:34:23
summonerschool,2025,6,level up timers and xp amount,2025-06-01 09:13:43
summonerschool,2025,6,How do i get out of Iron playing ADC?,2025-06-01 07:29:00
summonerschool,2025,6,Ambessa vs Renekton matchup,2025-06-01 02:33:00
summonerschool,2025,6,Can you play more than one role at the time?,2025-06-01 01:55:30
summonerschool,2025,6,Beginner role?,2025-06-01 01:30:44
summonerschool,2025,6,Best Junglers for 5v5 Tournament?,2025-06-01 00:52:05
summonerschool,2025,5,How and when do you spread your lead on top?,2025-05-31 20:37:55
summonerschool,2025,5,Confused about the Teemo vs Sett Matchup,2025-05-31 18:44:21
summonerschool,2025,5,Swapping from support to mid – looking for educational streamer/YouTuber/coach,2025-05-31 17:04:41
summonerschool,2025,5,How do i convert a winning lane,2025-05-31 15:12:30
summonerschool,2025,5,What would you do if you wanted to go back to playing lol and started playing Support?,2025-05-31 12:00:49
summonerschool,2025,5,Help with laning as ADC,2025-05-31 11:46:35
summonerschool,2025,5,What difference does kiting make?,2025-05-31 07:47:32
summonerschool,2025,5,Need help countering a strategy,2025-05-30 20:51:01
summonerschool,2025,5,Controlling the camera,2025-05-30 20:15:33
summonerschool,2025,5,How much gold can you wait for t1 boots without losing tempo?,2025-05-30 17:58:10
summonerschool,2025,5,How to jungle vs Nocturne in low elo?,2025-05-30 15:17:46
summonerschool,2025,5,question regarding adc and specifically playing against draven,2025-05-30 14:58:03
summonerschool,2025,5,how to choose between engaging and peeling for your team as a immobile bruiser?,2025-05-29 22:49:12
summonerschool,2025,5,How should I practice champions?,2025-05-29 19:02:38
summonerschool,2025,5,How to not have camps stolen,2025-05-29 16:40:26
summonerschool,2025,5,How to teamfight against hook champions?,2025-05-29 14:44:59
summonerschool,2025,5,what items help you tower dive easily and tank tower shots?,2025-05-29 13:19:03
summonerschool,2025,5,is terminus a bad item and who's supposed to build it?,2025-05-29 11:34:36
summonerschool,2025,5,Theorycrafting a CDR Teemo Top Build. Please Suggest Improvements!,2025-05-29 10:29:50
summonerschool,2025,5,How to get back into league and deal with the new meta and what are the best league streamers/Youtubers that coach and that y'all would recommend?,2025-05-29 03:38:35
summonerschool,2025,5,How can I have more impact in top lane?,2025-05-29 02:11:55
summonerschool,2025,5,Is stealing opponents’ red side jungle (clear 1) in low elo a bait?,2025-05-28 15:38:20
summonerschool,2025,5,Team play is the most difficult part of the game,2025-05-28 13:01:35
summonerschool,2025,5,"Who is the ""Ahri"" of top lane?",2025-05-28 08:45:55
summonerschool,2025,5,why do people say to back on a cannon wave? don't you just lose the cannon cause you can't make it back in time?,2025-05-28 08:25:29
summonerschool,2025,5,Why are blast cones distance variable? How do you tell?,2025-05-28 05:02:54
summonerschool,2025,5,How to improve on my own?,2025-05-28 04:12:58
summonerschool,2025,5,Playing against APC in botlane,2025-05-28 04:10:57
summonerschool,2025,5,bronze Azir vs Lux VOD review request,2025-05-28 02:01:25
summonerschool,2025,5,Struggling In Late Game as a Toplaner,2025-05-27 23:44:10
summonerschool,2025,5,Why do junglers sometimes smite a camp right when they start it rather than to finish it?,2025-05-27 23:33:15
summonerschool,2025,5,Help me understand the shop,2025-05-27 21:33:15
summonerschool,2025,5,Qiyana or Gangplank for SoloQ master+,2025-05-27 17:41:18
summonerschool,2025,5,Drawing Large Number of Ganks,2025-05-27 17:41:12
summonerschool,2025,5,First time playing in a while what are these tower DoTs?,2025-05-27 16:54:11
summonerschool,2025,5,Will there be an Arcane event again?,2025-05-27 15:56:54
summonerschool,2025,5,"Coach here, feel free to ask me anything (AMA approved)",2025-05-27 13:43:11
summonerschool,2025,5,Why do I see so many players going Jack of All Trades when they never pass the 10 stack threshold?,2025-05-27 12:33:35
summonerschool,2025,5,how long would it take to be able to queue with d3+?,2025-05-27 11:29:38
summonerschool,2025,5,Support main trying out mid – where do I start,2025-05-27 10:22:49
summonerschool,2025,5,"Players who got all 5 roles to Master/Grandmaster/Challenger, how did you do it?",2025-05-27 04:23:04
summonerschool,2025,5,Is it possible to climb as a casual player?,2025-05-26 22:32:05
summonerschool,2025,5,Most entertaining educational youtubers?,2025-05-26 21:47:25
summonerschool,2025,5,How to keep up with the early game objectives as Mid,2025-05-26 20:44:48
summonerschool,2025,5,Iron is hard (Iron to Silver),2025-05-26 20:19:53
summonerschool,2025,5,How do you ever win vs Fiddle top?,2025-05-26 19:43:22
summonerschool,2025,5,My friends are way better than me and I want to stop dragging them down,2025-05-26 16:06:29
summonerschool,2025,5,just started and getting absolutely whiffed,2025-05-26 15:55:28
summonerschool,2025,5,Why is HOB not taken on shen and cho?,2025-05-26 10:49:43
summonerschool,2025,5,Top Lane - translating your lead into being usefull for your team.,2025-05-26 09:57:03
summonerschool,2025,5,I got Challenger as a Gnar OTP - Here are my takeaway thoughs,2025-05-26 06:36:49
summonerschool,2025,5,Who to ban as adc?,2025-05-25 23:12:17
summonerschool,2025,5,Can you build different items types on one build?,2025-05-25 22:28:03
summonerschool,2025,5,What did I miss?,2025-05-25 22:22:07
summonerschool,2025,5,Teach me how to approach akshan,2025-05-25 20:26:56
summonerschool,2025,5,What to look for in the minimap?,2025-05-25 15:43:36
summonerschool,2025,5,Has anyone here developed chronic pain/hand issues due to league?,2025-05-25 15:21:28
summonerschool,2025,5,How do I handle my team fighting non stop as an ADC in lower elo?,2025-05-25 15:08:34
summonerschool,2025,5,What is the reasoning behind players maxing E first on Mel?,2025-05-25 11:45:10
summonerschool,2025,5,How to handle Katarina in low elo early to mid games?,2025-05-25 08:55:22
summonerschool,2025,5,I'm level 387 and have 0 mastery 10 champions,2025-05-25 04:46:36
summonerschool,2025,5,What happened to the monthly mentoring threads?,2025-05-25 02:04:44
summonerschool,2025,5,What to do you as an ADC after taking opponents t1 around level 7?,2025-05-24 21:38:48
summonerschool,2025,5,"Low  elo adc here, I need feedbacks  for my 9 deaths so I get better",2025-05-24 19:06:41
summonerschool,2025,5,How do you play against enemy jungler when his support roam with him?,2025-05-24 16:42:04
summonerschool,2025,5,"As a Low ELO ADC, How Do You Lane With A Yuumi Support?",2025-05-24 14:32:19
summonerschool,2025,5,ADC suggestions and overall tips,2025-05-24 13:39:29
summonerschool,2025,5,"why does it feel like Tristana damage is so low? I get the all in potential, I play her and get kills at lvl 2. but I constantly miss her last hits by 1 or 2 hp. but with any other champ I dont have this problem (besides maybe smolder q) but I believe they all have around the same damage",2025-05-24 08:01:43
summonerschool,2025,5,Is not buying boots on yi a bad thing?,2025-05-24 05:44:57
summonerschool,2025,5,"I often have very bad farming (like 5 per minute) because I am so scared that if I don't group, my team die 4v5. What should I do ?",2025-05-23 19:20:01
summonerschool,2025,5,Consistency tips for ADC,2025-05-23 17:24:32
summonerschool,2025,5,Why does nobody use anivia support?,2025-05-23 17:16:24
summonerschool,2025,5,Does TP not land you behind the turret anymore?,2025-05-23 16:47:10
summonerschool,2025,5,I made my first account 5 days ago and my boyfriend hasn't noticed.,2025-05-23 14:20:31
summonerschool,2025,5,From Support Main to... Something New? Looking for a New Role to Call Home,2025-05-23 14:00:59
summonerschool,2025,5,How can I force myself to find joy in other roles?,2025-05-23 07:40:02
summonerschool,2025,5,How to play into Cait as Leona?,2025-05-23 03:32:11
summonerschool,2025,5,How do you beat Riven in high elo?,2025-05-22 23:18:49
summonerschool,2025,5,Which applies first,2025-05-22 18:28:44
summonerschool,2025,5,Amumu Top,2025-05-22 12:48:52
summonerschool,2025,5,Need advice on mid game as ADC (Kai’Sa low elo),2025-05-22 11:02:16
summonerschool,2025,5,What can I do to not go 0/10 once I start dying,2025-05-22 10:48:54
summonerschool,2025,5,Cycling camps together on the first clear,2025-05-22 09:39:39
summonerschool,2025,5,[Feedback Request] Firsts game without locked camera – what should I improve?,2025-05-22 07:25:09
summonerschool,2025,5,Adapting my laning phase and wave management with the gamestate ?,2025-05-22 01:52:23
summonerschool,2025,5,Unsealed spellbook,2025-05-21 21:45:39
summonerschool,2025,5,Help with Beginner Daily Play Rewards,2025-05-21 20:13:22
summonerschool,2025,5,Best picks into Tahm Kench top?,2025-05-21 19:55:05
summonerschool,2025,5,"Despite not having a lot of time to play, I want to improve my Jungle game.",2025-05-21 14:39:22
summonerschool,2025,5,Question about this Teamcomposition,2025-05-21 12:25:39
summonerschool,2025,5,solo queue top lane beginner,2025-05-21 11:50:45
summonerschool,2025,5,Do I absolutely need to solo queue to get better (if my friends are all better than me)?,2025-05-21 10:35:22
summonerschool,2025,5,I am really bad at the game and cant grasp any concepts of how to get any better at top lane.,2025-05-21 07:07:59
summonerschool,2025,5,Tips against physical stress reactions of the body,2025-05-21 03:31:44
