game,subreddit,author,created_utc,year,score,original_title,cleaned
The Sims,sims4,WigaWy,2023-06-01T00:07:05,2023,1,How to edit Sims beyond the limits?,edit sims beyond limits
The Sims,sims4,d4everman,2023-06-01T00:07:10,2023,1,The nanny is a homewrecker!,nanny homewrecker
The Sims,sims4,cool_cocunut,2023-06-01T00:07:57,2023,1,My game is frozen pls help,game frozen pls help
The Sims,sims4,harmonystargaming,2023-06-01T00:14:44,2023,71,I made Snow White in cas,made snow white cas
The Sims,sims4,musimusimu,2023-06-01T00:15:12,2023,170,"I'm trying to get my sim in trouble for cheating (for an aspiration), but his fianc√©e and girlfriend don't seem to mind??",im trying get sim trouble cheating aspiration fianc√©e girlfriend dont seem mind
The Sims,sims4,Striking-Ad-7965,2023-06-01T00:23:56,2023,10,The LockHart‚Äôs my let‚Äôs play family ‚ù§Ô∏è,lockhart‚Äôs let‚Äôs play family
The Sims,sims4,GxmmyVitamxn,2023-06-01T00:30:33,2023,1,..i‚Äôm never sleeping again this glitch is horrifying,i‚Äôm never sleeping glitch horrifying
The Sims,sims4,Available-Poem2330,2023-06-01T00:37:37,2023,3,Is it a regular occurrence for actions to work on the Sim or animal being the one I'm doing the action on?,regular occurrence actions work sim animal one im action
The Sims,sims4,KittyLord0824,2023-06-01T00:44:54,2023,2,How would you go about building a playable boarding school?,would go building playable boarding school
The Sims,sims4,TheSanguineSiren,2023-06-01T00:49:12,2023,49,I wish there were set career outfits...,wish set career outfits
The Sims,sims4,nonskater,2023-06-01T00:52:36,2023,2,Teen sims sneaking out to parties?,teen sims sneaking parties
The Sims,sims4,dolefulAlchemist,2023-06-01T00:54:41,2023,5,so is the gallery down? for how long.,gallery long
The Sims,sims4,aquamarine-arielle,2023-06-01T00:58:19,2023,1,All items from the new kits coming tomorrow!,items new kits coming tomorrow
The Sims,sims4,MotherBike,2023-06-01T01:00:36,2023,5,Anyone find what that SimGuru was mentioning about a month ago?,anyone find simguru mentioning month ago
The Sims,sims4,Oftennice81,2023-06-01T01:02:59,2023,14,Just finished my green house,finished green house
The Sims,sims4,mysterygurl_,2023-06-01T01:05:31,2023,1,What EA built lots have pools?,ea built lots pools
The Sims,sims4,PinkMuskSticks,2023-06-01T01:09:56,2023,2360,Why Did I Even Bother?!,even bother
The Sims,sims4,EmikoTheYandere,2023-06-01T01:10:12,2023,0,I‚Äôve had sex many times but no baby?,i‚Äôve sex many times baby
The Sims,sims4,PhoenixCathcart,2023-06-01T01:10:30,2023,3,following a bench tutorial on yt and they‚Äôre using this furniture piece. can somebody help me figure out what it is?,following bench tutorial yt they‚Äôre using furniture piece somebody help figure
The Sims,sims4,StarseedFarrah,2023-06-01T01:11:15,2023,1,Question About Sims 4 Acting Career,question sims 4 acting career
The Sims,sims4,Pres_Of_the_KFC,2023-06-01T01:17:12,2023,2,Trying to make a chaotic sims save. Any character‚Äôs suggested i‚Äôll add into it,trying make chaotic sims save character‚Äôs suggested i‚Äôll add
The Sims,sims4,Edge_Verse,2023-06-01T01:31:09,2023,2,How do I edit family,edit family
The Sims,sims4,KalSaysHi,2023-06-01T01:35:05,2023,138,Does anyone else only play the sims on weekends,anyone else play sims weekends
The Sims,sims4,Southern_Name_9119,2023-06-01T01:43:03,2023,21,I‚Äôm on Generation 6 of my ugly dog breeding and I‚Äôm a bit disappointed in the results. None of the pups got dad‚Äôs traits. But I feel certain I‚Äôll get it right with Gen 7! I‚Äôm hoping to get the fugliest dog by Gen 10!,i‚Äôm generation 6 ugly dog breeding i‚Äôm bit disappointed results none pups got dad‚Äôs traits feel certain i‚Äôll get right gen 7 i‚Äôm hoping get fugliest dog gen 10
The Sims,sims4,awesomeguy1912,2023-06-01T01:48:19,2023,1,Is the library cross-platform?,library crossplatform
The Sims,sims4,sorry_not_creative_,2023-06-01T01:56:45,2023,22,The worlds are leaving me,worlds leaving
The Sims,sims4,goodnightjournal,2023-06-01T02:06:46,2023,5,Which song covers are your favorite?,song covers favorite
The Sims,sims4,m0th_gaymer,2023-06-01T02:10:21,2023,57,I won the lottery?!!!!!!,lottery
The Sims,sims4,purpwar,2023-06-01T02:12:32,2023,1,How do I get to the world,get world
The Sims,sims4,Negsmie,2023-06-01T02:16:46,2023,3,Should my Sim romance Wolfgang or Malcolm?,sim romance wolfgang malcolm
The Sims,sims4,chazrbaratheon89,2023-06-01T02:29:36,2023,1,Messed up on steam deck as of today?,messed steam deck today
The Sims,sims4,MozMoonPie,2023-06-01T02:30:29,2023,1,Question abt loading screens,question abt loading screens
The Sims,sims4,Katyann623,2023-06-01T02:32:28,2023,5,How should I decide the heir?,decide heir
The Sims,sims4,CaptainCarterFucks,2023-06-01T02:40:33,2023,1,Anyone else experience this weird thing since the last update?,anyone else experience weird thing since last update
The Sims,sims4,710bi_girl,2023-06-01T02:43:41,2023,1,Update and now game is glitching,update game glitching
The Sims,sims4,genderpocalypse,2023-06-01T02:45:05,2023,1,Trying to use nuzzlenip?,trying use nuzzlenip
The Sims,sims4,Adrenaline_shake,2023-06-01T02:45:11,2023,1,"Help! I have restarted my game, restarted my computer, checked my connection, updated my game, and am updating my drivers as we speak fingers crossed that fixes it for some reason. But just in case, has anyone else had this issue and how did you resolve it?",help restarted game restarted computer checked connection updated game updating drivers speak fingers crossed fixes reason case anyone else issue resolve
The Sims,sims4,bridonny,2023-06-01T02:50:43,2023,1,Items disappeared?!,items disappeared
The Sims,sims4,sajackson314,2023-06-01T02:51:01,2023,2,"I don't own Nifty Knitting... how did this skill even show up on the panel? The description is there, too. Is it possible that this is mod related?",dont nifty knitting skill even show panel description possible mod related
The Sims,sims4,Inky_Punx,2023-06-01T03:20:54,2023,793,I think we've been called out guys,think weve called guys
The Sims,sims4,Icy-Special1565,2023-06-01T03:21:11,2023,1,What does this mean when trying to open the game? I've tried deleting mods and everything. It started when I downloaded the new WickedWhims update. The game won't even open now.,mean trying open game ive tried deleting mods everything started downloaded new wickedwhims update game wont even open
The Sims,sims4,Mandersisme,2023-06-01T03:22:22,2023,1,This butler glitch is driving me to make poor choices...,butler glitch driving make poor choices
The Sims,sims4,Dahlia_R0se,2023-06-01T03:28:33,2023,11,"Couldn't find a pose that suited my sim's family, so I made one, but it took so long that now I barely have time to play tonight. And the pose still needs work!",couldnt find pose suited sims family made one took long barely time play tonight pose still needs work
The Sims,sims4,Beautifulfeary,2023-06-01T03:37:23,2023,5,Fun things in my game,fun things game
The Sims,sims4,gilles2,2023-06-01T03:41:19,2023,3,Friendship increase hack no longer effective,friendship increase hack longer effective
The Sims,sims4,thevitaphonequeen,2023-06-01T03:42:21,2023,1,A return to the Panza clan. Part 1.,return panza clan part 1
The Sims,sims4,LigitLegLess,2023-06-01T04:11:35,2023,1,anyone know why it says online is down,anyone know says online
The Sims,sims4,iamlebirrrb,2023-06-01T04:12:47,2023,1,"Sooo, my newborns skip the new infant stage ??",sooo newborns skip new infant stage
The Sims,sims4,Orsektak,2023-06-01T04:15:14,2023,2,Talk Like a Pirate Day but make it consulting,talk like pirate day make consulting
The Sims,sims4,LookDense9342,2023-06-01T04:18:20,2023,1,sim won‚Äôt take care of toddler!,sim won‚Äôt take care toddler
The Sims,sims4,Imaginationqm,2023-06-01T04:20:14,2023,1,What does this mean/ How do I fix it??,mean fix
The Sims,sims4,ssugarstickss,2023-06-01T04:21:57,2023,2,Will dormant wolf sims have full werewolf babies?,dormant wolf sims full werewolf babies
The Sims,sims4,throhaway333,2023-06-01T04:31:58,2023,9,Um.. Who the hell are you??,um hell
The Sims,sims4,sizhu_,2023-06-01T04:40:03,2023,1,When I try to open up the gallery in gameplay it says this. Can someone help?,try open gallery gameplay says someone help
The Sims,sims4,bluejaybby,2023-06-01T04:43:06,2023,13,Rocket Ship Appreciation,rocket ship appreciation
The Sims,sims4,Optimal-Hippo9880,2023-06-01T04:58:43,2023,1,"My sims pronouns are They/Them, and this is the grammar for the moodlets. A+üëçüèΩ",sims pronouns theythem grammar moodlets
The Sims,sims4,KeiART19,2023-06-01T05:39:08,2023,8,If he dies I‚Äôm allowed to revive him because then Picheal will have no one‚Ä¶.,dies i‚Äôm allowed revive picheal one‚Ä¶
The Sims,sims4,Simlapeno,2023-06-01T05:47:02,2023,4,Lurking on this and the sims sub incited me to start playing again. I started a while back and am calling the current save DPLC. Rules inspired by a few challenges here and there,lurking sims sub incited start playing started back calling current save dplc rules inspired challenges
The Sims,sims4,chocolatechunky,2023-06-01T06:06:26,2023,1,Can you save your sim from dying while the grim reaper shows up?,save sim dying grim reaper shows
The Sims,sims4,Maleficent_Sea_7066,2023-06-01T06:08:36,2023,1,Should I update?,update
The Sims,sims4,Deceitful_Fru1t,2023-06-01T06:14:13,2023,1,What Happens if you age a toddler,happens age toddler
The Sims,sims4,FriendlyTurnip5541,2023-06-01T06:15:35,2023,1,Weird bug takes away infants and acts like I am on Xbox?,weird bug takes away infants acts like xbox
The Sims,sims4,conflictednerd99,2023-06-01T06:17:14,2023,64,Aw they grow up so fast!,aw grow fast
The Sims,sims4,buggymari,2023-06-01T06:20:05,2023,11,I love building cozy suburban homes! Here's a tier 3 tiny house in Willow Creek,love building cozy suburban homes heres tier 3 tiny house willow creek
The Sims,sims4,pinkiepiee666,2023-06-01T06:24:52,2023,31,"Gotta level up that BMX skill (Funny, not troubleshooting)",gotta level bmx skill funny troubleshooting
The Sims,sims4,ChaoticNeutral27,2023-06-01T06:31:53,2023,5,Uncovering and authenticating archeological items takes SOO long,uncovering authenticating archeological items takes soo long
The Sims,sims4,No-Pumpkin-8225,2023-06-01T06:45:03,2023,1,My daughter asked if she should go on a date with her sisters ex husband...,daughter asked go date sisters ex husband
The Sims,sims4,cinderaiden,2023-06-01T06:52:02,2023,144,My teen came home tense because Mom got the cool heirloom box instead of him...,teen came home tense mom got cool heirloom box instead
The Sims,sims4,spooky3o,2023-06-01T07:08:37,2023,453,My son is creating a cult where each member will be named Jane and they will make & sell jam,son creating cult member named jane make sell jam
The Sims,sims4,ElskaFox,2023-06-01T07:12:13,2023,9,"No Bar At The Landgraabs House, Need One For Engagement Dinner",bar landgraabs house need one engagement dinner
The Sims,sims4,ChemistHuge408,2023-06-01T07:13:37,2023,0,Even my sim gets more action than meü•∫,even sim gets action
The Sims,sims4,m1kachuu,2023-06-01T07:40:52,2023,2,Removed sim from family by accident,removed sim family accident
The Sims,sims4,Hiccupstoothless,2023-06-01T07:56:27,2023,1,Should I buy High School Years?,buy high school years
The Sims,sims4,redy4u2nite,2023-06-01T08:01:13,2023,24,Liberty Lee: before and after I got my hands on her,liberty lee got hands
The Sims,sims4,Bubblesthepotatocat,2023-06-01T08:02:59,2023,1,Why is she always angry after she gets home from work?,always angry gets home work
The Sims,sims4,ItaruxIzumi,2023-06-01T08:04:09,2023,113,I created Eden that was inspired by my favourite Barbie movie growing up! üíï,created eden inspired favourite barbie movie growing
The Sims,sims4,CultoftheSheep,2023-06-01T08:45:14,2023,1,I think I‚Äôve lost all my data,think i‚Äôve lost data
The Sims,sims4,Slow_Committee_3476,2023-06-01T08:47:12,2023,1,Money cheats ain't working please help,money cheats aint working please help
The Sims,sims4,THE_king59,2023-06-01T09:27:56,2023,1,Does anyone have any mod suggestions?,anyone mod suggestions
The Sims,sims4,Bxbblxs55,2023-06-01T09:29:21,2023,1,Dream home decorator bug,dream home decorator bug
The Sims,sims4,Real_Refrigerator880,2023-06-01T09:49:38,2023,1,can someone please tell me what‚Äôs causing this?,someone please tell what‚Äôs causing
The Sims,sims4,breakthebnry,2023-06-01T09:49:51,2023,5,"Doing a Barbie Legacy Challenge and here‚Äôs my founder, Barbie Roberts!",barbie legacy challenge here‚Äôs founder barbie roberts
The Sims,sims4,_Rossss_,2023-06-01T10:05:11,2023,74,Figuring out this roof was waaay more difficult than it needed to be (Gallery ID: Rosssella),figuring roof waaay difficult needed gallery id rosssella
The Sims,sims4,carboncord,2023-06-01T10:19:55,2023,1,Can't remember this youtuber name,cant remember youtuber name
The Sims,sims4,Lillsnea,2023-06-01T10:28:28,2023,3,Does somebody know?,somebody know
The Sims,sims4,Specter319,2023-06-01T10:33:36,2023,2,Was making a new Sim for a neighborhood and...hoo boy (not simping at all I swear-),making new sim neighborhood andhoo boy simping swear
The Sims,sims4,SophA21,2023-06-01T10:42:49,2023,4,"Killing my dog wasn't enough fun, clearly!",killing dog wasnt enough fun clearly
The Sims,sims4,Nbeuska,2023-06-01T10:53:26,2023,23,Can he not think about his sister while peeing hhhhhh,think sister peeing hhhhhh
The Sims,sims4,dashingjumper,2023-06-01T10:54:46,2023,59,I love the first day with a new Sim - that look of earnest happiness in their eyes before they know to what evils they will be subjected.,love first day new sim look earnest happiness eyes know evils subjected
The Sims,sims4,communiscollector,2023-06-01T11:20:21,2023,1,whyyy does my sim constantly start fires while cooking?,whyyy sim constantly start fires cooking
The Sims,sims4,Tenshichukuu,2023-06-01T11:37:45,2023,1,Anyone know what mods are broken right now in the sims 4 ?ü•≤,anyone know mods broken right sims 4
The Sims,sims4,vcg77,2023-06-01T12:12:01,2023,3,Surprise adultery baby,surprise adultery baby
The Sims,sims4,usagi_in_wonderland,2023-06-01T12:19:32,2023,131,"Anyone else likes to ‚Äúset up‚Äù every new save file with pre existing characters, stories etc?",anyone else likes ‚Äúset up‚Äù every new save file pre existing characters stories etc
The Sims,sims4,Mandy_M87,2023-06-01T12:55:01,2023,1,Issue with Ye Olde Cookbook Kit Stove,issue ye olde cookbook kit stove
The Sims,sims4,Global_Degree_1413,2023-06-01T13:01:50,2023,2,most recent build,recent build
The Sims,sims4,jeneralchaos,2023-06-01T13:06:19,2023,52,Was messing around in CAS and I think I've fallen in love üòç,messing around cas think ive fallen love
The Sims,sims4,RepresentativeOk9326,2023-06-01T13:07:46,2023,1,How do you guys keep up with your updates on CC‚Äôs?,guys keep updates cc‚Äôs
The Sims,sims4,Sad_Influence10,2023-06-01T13:15:09,2023,1,"CC not showing up after download, what's wrong?",cc showing download whats wrong
The Sims,sims4,acgrey92,2023-06-01T13:17:44,2023,1,When do the new kits come out?,new kits come
The Sims,sims4,Benjix_x,2023-06-01T13:17:50,2023,1,Random control switch!,random control switch
The Sims,sims4,TwistedFUtures,2023-06-01T13:22:10,2023,32,"Finally opened my legacy again, Updated some sim appearances",finally opened legacy updated sim appearances
The Sims,sims4,Ziirey,2023-06-01T13:38:27,2023,9,I built a little something!,built little something
The Sims,sims4,Blacxca,2023-06-01T13:39:39,2023,15,"sometimes I come across CC I don't remember downloading and i'm like ''oh, when'd I get this?''",sometimes come across cc dont remember downloading im like oh whend get
The Sims,sims4,sharkdinner,2023-06-01T13:46:38,2023,34,All I wanted was a nice wedding... instead I got absolute chaos and the bride ate cake instead of walking down the isle :/,wanted nice wedding instead got absolute chaos bride ate cake instead walking isle
The Sims,sims4,Fancy-Boysenberry139,2023-06-01T13:46:53,2023,1,"is it common for npc to have houses in the world? And why is this island living sim living in Henford on bagley? Is this a glitch because my townies that should be living in their worlds live in different worlds and it's annoying me? someone, please let me know if this is normal",common npc houses world island living sim living henford bagley glitch townies living worlds live different worlds annoying someone please let know normal
The Sims,sims4,thebaddudu,2023-06-01T13:52:35,2023,2659,Daddy's got a secret chamber,daddys got secret chamber
The Sims,sims4,Sailor_Muffing,2023-06-01T13:53:00,2023,5,Impossible to fulfilling growing a Pumpkin quest,impossible fulfilling growing pumpkin quest
The Sims,sims4,cassandrakeepitdown,2023-06-01T13:59:15,2023,40,This is chaos and I love controllable chaos so much,chaos love controllable chaos much
The Sims,sims4,BakaMaica,2023-06-01T14:03:40,2023,573,Just finished the green themed polly pocket - this is probably my favourite so far ü•π i love decorating with plants ‚ô• If you have any questions about items or CC stuff then I'm happy to share.,finished green themed polly pocket probably favourite far love decorating plants questions items cc stuff im happy share
The Sims,sims4,coldkiwi1,2023-06-01T14:08:05,2023,2,Controls changed,controls changed
The Sims,sims4,splootle,2023-06-01T14:16:33,2023,37,SHE IS YOUR COUSIN,cousin
The Sims,sims4,NoPulse_Empire,2023-06-01T14:24:34,2023,1,New to playing Sims and I‚Äôm not sure what I‚Äôm doing wrong lol,new playing sims i‚Äôm sure i‚Äôm wrong lol
The Sims,sims4,fluffhq,2023-06-01T14:24:58,2023,52,One of Sulani events has a beach swing set up in the water and it's awesome,one sulani events beach swing set water awesome
The Sims,sims4,Rozalyn907,2023-06-01T14:26:27,2023,2,Shiny Hex-pattern pants from the Get Famous-Trailer?,shiny hexpattern pants get famoustrailer
The Sims,sims4,sallyshadows,2023-06-01T14:29:52,2023,1,Does anyone else have issues with their infants?,anyone else issues infants
The Sims,sims4,bunnykins22,2023-06-01T14:36:09,2023,17,I Don't WANT TO GET RID OF IT!,dont want get rid
The Sims,sims4,stopdoingthatidiot,2023-06-01T14:44:05,2023,1,Married sim with extreme sports aspiration and I want to keep it but what career should I make him pursue?,married sim extreme sports aspiration want keep career make pursue
The Sims,sims4,Alvin514,2023-06-01T15:06:50,2023,3,"Why does +2 Sad moodlet make a child 'sad' while 'very sad' for a teen? (If I'm not wrong, +2 for young adult and above is also 'sad' too)",2 sad moodlet make child sad sad teen im wrong 2 young adult also sad
The Sims,sims4,Non-binaryTentacles,2023-06-01T15:09:51,2023,2,"I‚Äôve gotten these so far and I feel satisfied with my gameplay, I have tons to do, But I‚Äôm curious, am I missing out on anything from the other expansions/packs. Are there any that y‚Äôall think are must haves?",i‚Äôve gotten far feel satisfied gameplay tons i‚Äôm curious missing anything expansionspacks y‚Äôall think must haves
The Sims,sims4,Dulce_Sirena,2023-06-01T15:12:40,2023,3,My newest save file main family,newest save file main family
The Sims,sims4,jadagirl1227,2023-06-01T15:23:45,2023,2,So there‚Äôs no way for me to access the sims I‚Äôve made?,there‚Äôs way access sims i‚Äôve made
The Sims,sims4,asterisktrio,2023-06-01T15:26:15,2023,1,Mod that allows thinner necks for male sims?,mod allows thinner necks male sims
The Sims,sims4,CrYpt-M6,2023-06-01T15:26:39,2023,1,Every time a festival happens the lot contents seem to stay and its getting progressively more difficult to load,every time festival happens lot contents seem stay getting progressively difficult load
The Sims,sims4,eemaartz,2023-06-01T15:30:00,2023,2,Legacy Challenge Drama,legacy challenge drama
The Sims,sims4,NorseGremlin,2023-06-01T15:30:32,2023,65,Got this cute screenshot of my legacy's previous heir happily looking back at the family photo wall. The couple in the big picture are his grandparents!,got cute screenshot legacys previous heir happily looking back family photo wall couple big picture grandparents
The Sims,sims4,Exam-Naive,2023-06-01T15:30:32,2023,65,"Sims gods, why you gotta do me like that üò©",sims gods gotta like
The Sims,sims4,coelacanth_4,2023-06-01T15:32:11,2023,1,does anyone else have townies that they hate for no reason?,anyone else townies hate reason
The Sims,sims4,Prokopisp,2023-06-01T15:32:19,2023,22,"Dating app date came to his house, woohooed and pull out a knife after.. even Sims are having it tough with online dating",dating app date came house woohooed pull knife even sims tough online dating
The Sims,sims4,djethicalslut,2023-06-01T15:33:41,2023,4,I asked Chat GPT in which ways AI could improve the Sims‚Ä¶,asked chat gpt ways ai could improve sims‚Ä¶
The Sims,sims4,TheGayestTearDrop,2023-06-01T15:41:17,2023,6,I‚Äôve created a challenge!,i‚Äôve created challenge
The Sims,sims4,uraverageshrimp,2023-06-01T15:41:23,2023,1,How to disable world auto-fill?,disable world autofill
The Sims,sims4,SharkyMELarky,2023-06-01T15:50:57,2023,1,How to recover account,recover account
The Sims,sims4,LegitAllergic2TheSun,2023-06-01T15:55:17,2023,1,"Does anyone know how to do a ""house tour"" type of video?",anyone know house tour type video
The Sims,sims4,etti1612,2023-06-01T16:02:56,2023,2,What is going on?,going
The Sims,sims4,ekinox0,2023-06-01T16:03:01,2023,1,Transfering from a device,transfering device
The Sims,sims4,errantcarp,2023-06-01T16:04:48,2023,224,Deciding on which roof layout to use. Feedback appreciated :),deciding roof layout use feedback appreciated
The Sims,sims4,curiousKart,2023-06-01T16:12:24,2023,6,What are your favorite save files that make not just aesthetic but clever and lively use of T.O.O.L? Can you share?,favorite save files make aesthetic clever lively use tool share
The Sims,sims4,marijuanarasauce,2023-06-01T16:21:15,2023,5,Does anyone know what this checked clipboard above the head means?,anyone know checked clipboard head means
The Sims,sims4,whoreterrorist,2023-06-01T16:35:27,2023,14,tell me what went on here. (wrong answers only),tell went wrong answers
The Sims,sims4,TheEndlessAutumn,2023-06-01T16:38:29,2023,5,A gnome photobombed the Vatores' group photo LOL,gnome photobombed vatores group photo lol
The Sims,sims4,erinpaige2003,2023-06-01T16:44:19,2023,208,My not so berry sims!,berry sims
The Sims,sims4,Anxious_Order_3570,2023-06-01T16:51:53,2023,26,Anyone else bake a cake and keep in household inventory to use for every birthday?,anyone else bake cake keep household inventory use every birthday
The Sims,sims4,GingerFireBrand,2023-06-01T16:52:58,2023,2,MAKE THEM STOP!!!,make stop
The Sims,sims4,lightingtrees,2023-06-01T16:57:39,2023,1,Can‚Äôt remove earbuds from my sims!,can‚Äôt remove earbuds sims
The Sims,sims4,isdalwoman,2023-06-01T16:58:06,2023,3333,She is on the chess team.,chess team
The Sims,sims4,Esmeralda_Lavender,2023-06-01T16:58:37,2023,2,How do I get rid of this baby?,get rid baby
The Sims,sims4,Bubba_Eustace,2023-06-01T17:06:01,2023,1,I guess they‚Äôre engaged now???,guess they‚Äôre engaged
The Sims,sims4,LordEndermen1,2023-06-01T17:12:42,2023,3,multiple relationships?,multiple relationships
The Sims,sims4,damianodavido,2023-06-01T17:17:23,2023,1,"I have the expansions from anadius, but since the update they‚Äôve dissapeared?",expansions anadius since update they‚Äôve dissapeared
The Sims,sims4,Sparkfire322,2023-06-01T17:25:00,2023,1,Louie is the cat....,louie cat
The Sims,sims4,galaxy_love,2023-06-01T17:29:35,2023,1,Does anyone have recommendations for good Maxis Match cc?,anyone recommendations good maxis match cc
The Sims,sims4,Pure-Bicycle-8878,2023-06-01T17:30:47,2023,11,"So my sim's parents had a child after she had a child, so her sister and her kid are both teens.. But now her sister asker my sim's daughter to prom?????",sims parents child child sister kid teens sister asker sims daughter prom
The Sims,sims4,themarzipanbaby,2023-06-01T17:32:23,2023,8,cottagecore or oldschool high school?,cottagecore oldschool high school
The Sims,sims4,Seinfeldbutpc,2023-06-01T18:02:43,2023,0,Polygamy without jealosy,polygamy without jealosy
The Sims,sims4,Unusual-Letter-8781,2023-06-01T18:14:48,2023,2,Doing dishes in the bathroom sink ‚òë making food in the kitchen sink ‚òë who needs a lot of counters,dishes bathroom sink making food kitchen sink needs lot counters
The Sims,sims4,TatsTanksDranks,2023-06-01T18:20:21,2023,36,The sweetest thing,sweetest thing
The Sims,sims4,Wild_Abalone3081,2023-06-01T18:24:34,2023,1,Multitasking at it‚Äôs finest! Taking care of the kid while pooping,multitasking it‚Äôs finest taking care kid pooping
The Sims,sims4,nobasicnecessary,2023-06-01T18:26:40,2023,1700,"I had anesthesia yesterday for minor procedure. Today I got distracted when I went to get a drink of water, took a shower instead. Came back to my unpaused game in this state. What HAPPENED????",anesthesia yesterday minor procedure today got distracted went get drink water took shower instead came back unpaused game state happened
The Sims,sims4,Ok_Cranberry_6867,2023-06-01T18:49:17,2023,4,Publishing books,publishing books
The Sims,sims4,No-Examination8519,2023-06-01T18:51:45,2023,15,"It‚Äôs a tough economy out there, everyone needs to pitch in",it‚Äôs tough economy everyone needs pitch
The Sims,sims4,TheFanshionista,2023-06-01T18:56:11,2023,2,"Honestly, Callie? I feel the same way‚Ä¶",honestly callie feel way‚Ä¶
The Sims,sims4,7i1i2i6,2023-06-01T18:58:14,2023,1,Are you supposed to be able to control cats/dogs?,supposed able control catsdogs
The Sims,sims4,CapitalReference9026,2023-06-01T19:02:16,2023,3,i am going to perish a slow death,going perish slow death
The Sims,sims4,schnuck01,2023-06-01T19:14:46,2023,1333,I built a tiny harbor and a boat for Kyle Kyleson (or any sim) .,built tiny harbor boat kyle kyleson sim
The Sims,sims4,R1chie228,2023-06-01T19:17:41,2023,1,How do you access DLC!?,access dlc
The Sims,sims4,raine_of_terror,2023-06-01T19:20:00,2023,47,"I never make male sims, today I decided to change that and this is probably one of my favorite sims I've ever made",never make male sims today decided change probably one favorite sims ive ever made
The Sims,sims4,loquatgoals,2023-06-01T19:20:30,2023,1,Anyone know what broken mod this is?,anyone know broken mod
The Sims,sims4,throwaway362516,2023-06-01T19:24:07,2023,1,"Packs on sale in game, not on sale on steam.",packs sale game sale steam
The Sims,sims4,ArtisticallyWeird,2023-06-01T19:25:43,2023,157,I just wanted to show my latest sim edit üò¨,wanted show latest sim edit
The Sims,sims4,OverreactingParrot,2023-06-01T19:29:29,2023,13,"Duplicating objects, without mods or the Magic Realm pack, or any other packs!",duplicating objects without mods magic realm pack packs
The Sims,sims4,ELXBADY,2023-06-01T19:36:46,2023,1,"Peeping tom BUG, help plz.",peeping tom bug help plz
The Sims,sims4,Brandinator1821,2023-06-01T19:36:58,2023,28,"First day of school jitters, but 5th grade went well for my sim Constance, and Darrell got accepted into Landgraab Elementary's Preschool program!",first day school jitters 5th grade went well sim constance darrell got accepted landgraab elementarys preschool program
The Sims,sims4,inforaspook,2023-06-01T19:40:10,2023,1,Lacking Romance Options/Wicked Whims not working,lacking romance optionswicked whims working
The Sims,sims4,bwandrz,2023-06-01T19:44:25,2023,12,Started messing around with Trendi. My sim is trying so hard to gain fashion clout she‚Äôs showering in her fit.,started messing around trendi sim trying hard gain fashion clout she‚Äôs showering fit
The Sims,sims4,SerMasPuerta,2023-06-01T19:55:36,2023,1,duplicate worlds,duplicate worlds
The Sims,sims4,ShemL,2023-06-01T19:56:18,2023,4,So the Gallery is Back and this is what I noticed...,gallery back noticed
The Sims,sims4,rinzaca,2023-06-01T19:56:32,2023,2506,The unluckiest chef got married to a firefighter,unluckiest chef got married firefighter
The Sims,sims4,Bon-no,2023-06-01T20:04:13,2023,1,"Build, World and Gallery not loading.",build world gallery loading
The Sims,sims4,Aimsty,2023-06-01T20:05:49,2023,1,My sim careers don't work after installing cc,sim careers dont work installing cc
The Sims,sims4,SimPlayerNick,2023-06-01T20:08:49,2023,25,Whyyyyyyy do teens age up like this??,whyyyyyyy teens age like
The Sims,sims4,Saltblue12,2023-06-01T20:17:14,2023,1,Is there a reason I can't bundle Growing Together at the moment?,reason cant bundle growing together moment
The Sims,sims4,No_Dependent_5244,2023-06-01T20:22:28,2023,1,"Made Johnny Cade from the outsiders on TS4, but something about him seems a little off! Any critique or advice? I'm trying to make him look as close to his appearance in the movie and Ralph Macchio as I can.",made johnny cade outsiders ts4 something seems little critique advice im trying make look close appearance movie ralph macchio
The Sims,sims4,self-confident-shrek,2023-06-01T20:37:01,2023,6,Local rich woman breaks in to light a fireplace,local rich woman breaks light fireplace
The Sims,sims4,No-Comfort-6808,2023-06-01T20:37:17,2023,70,EA needs to do better..i literally can't play my game with out wifi,ea needs betteri literally cant play game wifi
The Sims,sims4,MightyMaiTai,2023-06-01T20:40:27,2023,1,They grow up so fast üíÄ,grow fast
The Sims,sims4,tinywoodenpig,2023-06-01T20:41:25,2023,5,sim ACCIDENTALLY missed final exam,sim accidentally missed final exam
The Sims,sims4,Live_Scene5101,2023-06-01T20:46:27,2023,1,Help! Removing the sunflowers on the road of Evergreen Harbour,help removing sunflowers road evergreen harbour
The Sims,sims4,IAmNotSmartAtAll123,2023-06-01T20:51:09,2023,100,A gnome photobombed the dic pic,gnome photobombed dic pic
The Sims,sims4,nicoxman8_,2023-06-01T21:02:06,2023,931,And exactly what is obstructing you?,exactly obstructing
The Sims,sims4,Wide_Method3623,2023-06-01T21:12:43,2023,1,"This is the house I made for my sim of myself, opinions?",house made sim opinions
The Sims,sims4,Rare_Ad_9415,2023-06-01T21:18:43,2023,1,CC for Sims 4 Royalty mod,cc sims 4 royalty mod
The Sims,sims4,pghreddit,2023-06-01T21:34:27,2023,1,"Ummmm...did they totally reset the gallery to not show total uploads, downloads, and followers? I hope this is a glitch...",ummmmdid totally reset gallery show total uploads downloads followers hope glitch
The Sims,sims4,LowEditor7603,2023-06-01T21:42:06,2023,1,"I miss the option from ts3 to repeat/lock an element in cas, f.ex. earrings, through all categories. Except mccc, is there a mod for this?",miss option ts3 repeatlock element cas fex earrings categories except mccc mod
The Sims,sims4,Utopian_love,2023-06-01T21:44:08,2023,3,"Sky II and her first 4, aged up and out the house!",sky ii first 4 aged house
The Sims,sims4,kris_exists,2023-06-01T21:47:28,2023,54,my sim painted this and i love it sm,sim painted love sm
The Sims,sims4,PromotionNo1784,2023-06-01T21:49:33,2023,3337,Needless to say he did not have a happy winterfestüíÄüíÄ,needless say happy winterfest
The Sims,sims4,Professional_Dot1809,2023-06-01T21:54:44,2023,1,Does anyone else inbreed their legacy families?,anyone else inbreed legacy families
The Sims,sims4,Traveller_Fox_Artist,2023-06-01T22:13:47,2023,0,What in tarnation?,tarnation
The Sims,sims4,LWeezyy1,2023-06-01T22:15:31,2023,31,Copperdale High Chronicles: The Price Siblings have resting B- face CONSTANTLY lol,copperdale high chronicles price siblings resting b face constantly lol
The Sims,sims4,fanciazfhuck,2023-06-01T22:18:44,2023,17,happy pride month! üåà‚ú®,happy pride month
The Sims,sims4,triipaytay,2023-06-01T22:27:18,2023,2,I‚Äôm afraid to die and need advice,i‚Äôm afraid die need advice
The Sims,sims4,LuminousLight345,2023-06-01T22:34:57,2023,49,I really need to reconsider some mods‚Ä¶,really need reconsider mods‚Ä¶
The Sims,sims4,Laughing_Cookie,2023-06-01T22:46:43,2023,55,I finally got Sims on PC,finally got sims pc
The Sims,sims4,Biscuitbear111,2023-06-01T22:48:23,2023,1,Does anyone know any elder/aging skin details?,anyone know elderaging skin details
The Sims,sims4,Zellictioner,2023-06-01T22:48:57,2023,56,Used the new kits to make a bookworm‚Äôs bedroom üìö,used new kits make bookworm‚Äôs bedroom
The Sims,sims4,Easy-Split-9884,2023-06-01T23:03:55,2023,3,sims texting me is annoying,sims texting annoying
The Sims,sims4,Starburned,2023-06-01T23:19:15,2023,28,Not a care in the world,care world
The Sims,sims4,Piriri-Pororo,2023-06-01T23:20:20,2023,2,This is how much I played since late 2019,much played since late 2019
The Sims,sims4,PMCReddit,2023-06-01T23:31:54,2023,11,I made so much money on rebate guys! Do you think i'll be able to buy a new thing for my house?,made much money rebate guys think ill able buy new thing house
The Sims,sims4,SimmmerFloridian1993,2023-06-01T23:34:21,2023,7,"So, how does everyone feel about the new Gallery?",everyone feel new gallery
The Sims,sims4,cantgaroo,2023-06-01T23:36:26,2023,81,New Kit Reading Nook Window Seat,new kit reading nook window seat
The Sims,sims4,Amethystfan1137,2023-06-01T23:37:32,2023,1,Anyone else unable to lay their infants in the cribs?,anyone else unable lay infants cribs
The Sims,sims4,geecron,2023-06-01T23:51:44,2023,2233,i wanna meet who writes these descriptions so badly,wanna meet writes descriptions badly
The Sims,sims4,Alternative_Doubt994,2023-06-01T23:57:40,2023,1,oh my god this gave me a VERY good laugh,oh god gave good laugh
The Sims,sims4,lucindacornflower,2023-06-01T23:59:02,2023,82,"If you look closely, you may notice some cc",look closely may notice cc
The Sims,sims4,SunshineNinja92,2023-06-02T00:04:37,2023,20,I'm a teacher thinking of running a Sims club at my high school next year,im teacher thinking running sims club high school next year
The Sims,sims4,Dipshite_,2023-06-02T00:06:33,2023,0,why... why does she look like that... her parents are LITERALLY HUMAN?,look like parents literally human
The Sims,sims4,Empathetic_Artist,2023-06-02T00:11:42,2023,685,My sim was SLAYING at Prom.,sim slaying prom
The Sims,sims4,WarmCaregiver3126,2023-06-02T00:14:47,2023,57,‚ÄúCongratulations Alexandria just finished painting a masterpiece!‚Äù ü§î,‚Äúcongratulations alexandria finished painting masterpiece‚Äù
The Sims,sims4,GambinoLynn,2023-06-02T00:16:46,2023,3,What is causing this??,causing
The Sims,sims4,vintagehotdog13,2023-06-02T00:17:45,2023,17,I made a wedding venue with just base game and Wedding Stories!! Not super elegant since I can only make boxy buildings but I'm pretty proud!,made wedding venue base game wedding stories super elegant since make boxy buildings im pretty proud
The Sims,sims4,simsplayer04,2023-06-02T00:20:59,2023,2,how do I get more social bunny followers?,get social bunny followers
The Sims,sims4,Meech-Massacre-716,2023-06-02T00:24:20,2023,2,Can somebody give me gameplay ideas?,somebody give gameplay ideas
The Sims,sims4,Full-District,2023-06-02T00:24:24,2023,1,How do I adjust the deadzone,adjust deadzone
The Sims,sims4,Safe-Constant3223,2023-06-02T00:29:23,2023,42,This very cute family living room dance party somehow made all the hassles of raising a toddler feel worth it,cute family living room dance party somehow made hassles raising toddler feel worth
The Sims,sims4,LilMaple1277,2023-06-02T00:36:56,2023,1,Sims give anyone headaches?,sims give anyone headaches
The Sims,sims4,Joyous_1,2023-06-02T00:40:09,2023,23,I thought this poster looked familiar!,thought poster looked familiar
The Sims,sims4,ThatFluidEdBitch,2023-06-02T00:43:11,2023,1,"I'm new to PC sims (came from xbox) and guys idk what to do :,(",im new pc sims came xbox guys idk
The Sims,sims4,Secret-Strawberry-28,2023-06-02T00:46:50,2023,1,MC Command location help,mc command location help
The Sims,sims4,SaturnBaby21,2023-06-02T00:56:07,2023,33,Guess I didn't really want any pictures...,guess didnt really want pictures
The Sims,sims4,mudarke,2023-06-02T00:57:00,2023,1509,i have never felt so happy with an item from a kit.... WE CAN STACK THESE BOOKS üò≠üíõ,never felt happy item kit stack books
The Sims,sims4,captainsamwilson,2023-06-02T01:00:46,2023,49,My first challenge: Rags to Riches!,first challenge rags riches
The Sims,sims4,CertifiedAlien1804,2023-06-02T01:16:34,2023,25,This is a new record.,new record
The Sims,sims4,Eeveelover14,2023-06-02T01:27:54,2023,10,Star crossed royalty playthrough!,star crossed royalty playthrough
The Sims,sims4,EzekielSMELLiott,2023-06-02T01:32:26,2023,1,[Xbox] How can I change my the fast forward and rewind buttons?,xbox change fast forward rewind buttons
The Sims,sims4,Wormdoodle,2023-06-02T01:44:31,2023,3,Deduct money from the household funds to represent money spent on new clothes,deduct money household funds represent money spent new clothes
The Sims,sims4,Status-Register513,2023-06-02T01:58:44,2023,2,Have they removed the ability for toddlers to gain skills at all or be aged up manually?,removed ability toddlers gain skills aged manually
The Sims,sims4,Aragon150,2023-06-02T02:00:24,2023,3,How do you guys who make Sims yourself handle having more Sims than vanilla household slots?,guys make sims handle sims vanilla household slots
The Sims,sims4,ManicCanary,2023-06-02T02:18:02,2023,25,"A Prim house built for the suburban-minded Sim. 3 bedrooms, an attic filled with yesteryears, and an unfinished basement to transform into whatever you want. If you are a young family looking for your forever home, look no further than Cookman Cottage. Grab from my gallery EA ID: manicpot8to",prim house built suburbanminded sim 3 bedrooms attic filled yesteryears unfinished basement transform whatever want young family looking forever home look cookman cottage grab gallery ea id manicpot8to
The Sims,sims4,ariesapocalyptic,2023-06-02T02:19:25,2023,1,Relocate Gang HQ - Basemental Gangs,relocate gang hq basemental gangs
The Sims,sims4,got-sims-scape-lair,2023-06-02T02:27:08,2023,22,Rags to Stitches - Kyle is teaching people his craft,rags stitches kyle teaching people craft
The Sims,sims4,Mystical_Queen,2023-06-02T02:27:27,2023,1,"The infant to the feet glitch finally a fix - take out all of your cc cribs and changing tables ! For toddlers, infants, and newborns",infant feet glitch finally fix take cc cribs changing tables toddlers infants newborns
The Sims,sims4,TheCatLady98,2023-06-02T02:30:07,2023,1,Having trouble copying tray files,trouble copying tray files
The Sims,sims4,mintguy,2023-06-02T02:32:23,2023,46,TIL A new gnome came with Growing Together and he does not like coffee.,til new gnome came growing together like coffee
The Sims,sims4,rilesscott,2023-06-02T02:36:25,2023,2,Any suggestions on where to go from here?,suggestions go
The Sims,sims4,Bdawg119,2023-06-02T02:40:40,2023,1,How do I access my new expansion pack??,access new expansion pack
The Sims,sims4,I_haveNoCreativity,2023-06-02T02:41:09,2023,2,Can you set a specific sims number of days til aging up,set specific sims number days til aging
The Sims,sims4,SoliePlays,2023-06-02T03:01:24,2023,209,I built a feminine bedroom inspired by a CC bedspread,built feminine bedroom inspired cc bedspread
The Sims,sims4,ChemicalWillow9544,2023-06-02T03:05:21,2023,0,how to debate in sims 4,debate sims 4
The Sims,sims4,Master-0ogway,2023-06-02T03:06:00,2023,32,yes bitch that was you !!!,yes bitch
The Sims,sims4,LastSignal,2023-06-02T03:06:13,2023,23,I didn't know this was a thing. The T-Pose Challenge lol,didnt know thing tpose challenge lol
The Sims,sims4,Jwks0,2023-06-02T03:12:39,2023,1,How can I enjoy this game without DLCs?,enjoy game without dlcs
The Sims,sims4,Plastic_Breadfruit68,2023-06-02T03:22:15,2023,16,After multiple attempts at getting pregnant (I ended up having to MCCC her pregnancy without seeing what she was expecting) she‚Äôs expecting twins!!! This made my heart so happy!,multiple attempts getting pregnant ended mccc pregnancy without seeing expecting she‚Äôs expecting twins made heart happy
The Sims,sims4,Krita3112,2023-06-02T03:29:18,2023,0,Sims are bilingual?? Anyone caught their sims saying things in other languages?,sims bilingual anyone caught sims saying things languages
The Sims,sims4,poppycockgladiator,2023-06-02T03:30:10,2023,121,Mortimer and Bob having a face off??,mortimer bob face
The Sims,sims4,dusk-mother,2023-06-02T03:46:48,2023,164,"Well, damn... I actually kind of like the grunge kit.",well damn actually kind like grunge kit
The Sims,sims4,blameartie,2023-06-02T03:57:20,2023,8,Has anyone ever seen this before??,anyone ever seen
The Sims,sims4,Ilovemydoggi,2023-06-02T04:12:49,2023,8,Least filthy dorms,least filthy dorms
The Sims,sims4,UnhappyWave8046,2023-06-02T04:14:27,2023,49,In love with these new kits!!,love new kits
The Sims,sims4,Ok-Statement-6850,2023-06-02T04:26:36,2023,1,my sims wont respond,sims wont respond
The Sims,sims4,CorgiOtter,2023-06-02T04:30:07,2023,5,Some cute screenshots from my current gameplay!,cute screenshots current gameplay
The Sims,sims4,Tot592,2023-06-02T04:30:59,2023,3710,i was today years old when i found out you can have sims open these for birthday presents,today years old found sims open birthday presents
The Sims,sims4,TheAshenLily,2023-06-02T04:37:29,2023,1,"I love when the sims updates and you have to play the ""which mod is breaking my interface"" game",love sims updates play mod breaking interface game
The Sims,sims4,jollymrsaturn,2023-06-02T04:45:10,2023,8,"Of course Servos aren't able to complete some aspirations due to not being able to eat, but are able to be activated and get THIS aspiration... (Sorry for not being a screenshot)",course servos arent able complete aspirations due able eat able activated get aspiration sorry screenshot
The Sims,sims4,cottagecore_citty,2023-06-02T04:54:06,2023,7,"Wedding was a massive fail, suggestions for a smaller redo?",wedding massive fail suggestions smaller redo
The Sims,sims4,Doggosrthebest24,2023-06-02T05:04:57,2023,1,Why is my child sim being taken away? His needs are good,child sim taken away needs good
The Sims,sims4,digoutyoursoull,2023-06-02T05:21:00,2023,8,I sized up the frog fountain...,sized frog fountain
The Sims,sims4,Effective-Living7859,2023-06-02T05:23:10,2023,62,Gurl‚Ä¶. HES A TODDLER,gurl‚Ä¶ hes toddler
The Sims,sims4,Nicestbitchintown,2023-06-02T05:24:29,2023,1,Sims won't start with mods,sims wont start mods
The Sims,sims4,nard_dog_,2023-06-02T05:32:39,2023,24,In the mood but want zero privacy?,mood want zero privacy
The Sims,sims4,Far-Yak-3095,2023-06-02T05:43:36,2023,1,Can add ons from Xbox be transferred to Pc,add ons xbox transferred pc
The Sims,sims4,xylogram,2023-06-02T05:53:30,2023,11,has anyone else ever noticed this suspicious moodlet,anyone else ever noticed suspicious moodlet
The Sims,sims4,Chloe_the_metal_,2023-06-02T06:08:09,2023,1,I made poppy playtime characters in the sims 4.an this is poppy‚Äôs quirks an trait,made poppy playtime characters sims 4an poppy‚Äôs quirks trait
The Sims,sims4,CjSlee,2023-06-02T06:24:05,2023,0,Catalog Conflicts detected on Mod Assistant,catalog conflicts detected mod assistant
The Sims,sims4,Sab_2000,2023-06-02T06:37:20,2023,1,I never realized how connected my sims were until I made a family tree LMAO,never realized connected sims made family tree lmao
The Sims,sims4,blonkont,2023-06-02T06:41:07,2023,1,hii are there any mods where I could visit the hospital if my sim is unwell/sick ?,hii mods could visit hospital sim unwellsick
The Sims,sims4,tau1tvec,2023-06-02T07:00:43,2023,112,"Not my usual sim style, but I enjoy messing around in CAS too much to stick to one",usual sim style enjoy messing around cas much stick one
The Sims,sims4,daffydaisies,2023-06-02T07:03:48,2023,50,My legacy founder just died,legacy founder died
The Sims,sims4,mesay_itsalwayssunny,2023-06-02T07:21:03,2023,47,When all 4 of the other pictures are blurry or have a thumb over the lense and the only one that didn't has one of these annoying little shits in the frame..,4 pictures blurry thumb lense one didnt one annoying little shits frame
The Sims,sims4,mossypinniped,2023-06-02T07:25:18,2023,66,My mermaid sim and werewolf sim had a beautiful baby girl üíï,mermaid sim werewolf sim beautiful baby girl
The Sims,sims4,scattingcougar,2023-06-02T07:26:30,2023,3,What‚Äôs your favourite way of playing in Live Mode?,what‚Äôs favourite way playing live mode
The Sims,sims4,Worried_Ad_5852,2023-06-02T07:39:32,2023,51,All I did was give him a haircut and somehow he turned into Mr.Clean ü§≠,give haircut somehow turned mrclean
The Sims,sims4,Relative_Midnight_59,2023-06-02T07:54:48,2023,1,Floating Platform,floating platform
The Sims,sims4,Dovahkiin-420,2023-06-02T08:01:22,2023,12,Paris turned my teen sim down and now she won‚Äôt leave her alone now that she got with someone else.,paris turned teen sim won‚Äôt leave alone got someone else
The Sims,sims4,lirearay,2023-06-02T08:03:00,2023,1,Help with stair railings,help stair railings
The Sims,sims4,mimamongbusowg,2023-06-02T08:11:09,2023,1,"hello! i recently updated my game and now it turned like this, how do i fix it or what mod is causing this? thanks in advance for the response.",hello recently updated game turned like fix mod causing thanks advance response
The Sims,sims4,LilietB,2023-06-02T08:25:30,2023,1,Here's to this game's stability <3,heres games stability 3
The Sims,sims4,deprivedsun,2023-06-02T08:26:31,2023,1,"Looking for a body mesh i had, can't find it again",looking body mesh cant find
The Sims,sims4,dullvoices,2023-06-02T08:39:08,2023,1,CC not showing up in game,cc showing game
The Sims,sims4,_A_Pansexual_Joke_,2023-06-02T08:41:47,2023,340,I‚Äôm sorry what?!,i‚Äôm sorry
The Sims,sims4,theleafygirl,2023-06-02T08:53:20,2023,26,I did a photoshoot of my sim with her younger pre-medical transition self and I'm obsessed with it!,photoshoot sim younger premedical transition self im obsessed
The Sims,sims4,IKR1_994,2023-06-02T09:10:13,2023,9,A few shots of Ashlynn and Malika.,shots ashlynn malika
The Sims,sims4,Due_Swan_3619,2023-06-02T09:19:43,2023,1,Did they get rid of the photo friendship cheatüòü,get rid photo friendship cheat
The Sims,sims4,Monster_GIR-L,2023-06-02T10:12:41,2023,2,My sims are terribly annoying,sims terribly annoying
The Sims,sims4,Lazy_Story_3193,2023-06-02T10:28:31,2023,5,You can seduce the Grim Reaper to save your sim???,seduce grim reaper save sim
The Sims,sims4,malfunctioningEgoist,2023-06-02T10:40:07,2023,555,World Renovation Project: Oasis Springs,world renovation project oasis springs
The Sims,sims4,NumerousCollection25,2023-06-02T10:54:14,2023,4,My infant sim has an alien diaper but I don‚Äôt have get to work,infant sim alien diaper don‚Äôt get work
The Sims,sims4,catastrophicqueen,2023-06-02T11:11:41,2023,69,It's too easy to get the bad sentiments sometimes,easy get bad sentiments sometimes
The Sims,sims4,smills_hmmm,2023-06-02T11:11:54,2023,22,Simeon Silversweater is that you in your cool skinny jean?!,simeon silversweater cool skinny jean
The Sims,sims4,golden_creeper1,2023-06-02T11:15:15,2023,6,How do yall play the sims 4?,yall play sims 4
The Sims,sims4,AnzuTentacles,2023-06-02T11:26:39,2023,1,Anyone know why my sims are like this?,anyone know sims like
The Sims,sims4,thxtula,2023-06-02T11:38:15,2023,5,not my matriarch assisting with the project after sunbathing in the nude smh those poor children,matriarch assisting project sunbathing nude smh poor children
The Sims,sims4,mynameismyname333,2023-06-02T11:39:44,2023,1,My cache folder is gone,cache folder gone
The Sims,sims4,EmilichkaStolticus,2023-06-02T11:43:21,2023,1,"""Family trees, by definition, keep growing. Now your Sims will be once again able to view their Grand and Great Grand lineages""",family trees definition keep growing sims able view grand great grand lineages
The Sims,sims4,Appropriate-Pea7444,2023-06-02T12:36:44,2023,1,I don't have the MODS folder,dont mods folder
The Sims,sims4,dendrolatria,2023-06-02T12:56:09,2023,1137,my cat loves the sims (or how hot my laptop gets when i play it),cat loves sims hot laptop gets play
The Sims,sims4,frenchsilkywilky,2023-06-02T12:57:31,2023,4,my first rags to riches,first rags riches
The Sims,sims4,TheValectro,2023-06-02T13:03:24,2023,49,A pride house to celebrate Pride month! No CC. Gallery ID Kaotik-Insanity. Hope you all have a wonderful month!,pride house celebrate pride month cc gallery id kaotikinsanity hope wonderful month
The Sims,sims4,Korrotokii,2023-06-02T13:10:23,2023,1,Why does it say this? What do I need?,say need
The Sims,sims4,Pameler,2023-06-02T13:14:35,2023,4,Now casting for Game of Thrones,casting game thrones
The Sims,sims4,LonewolfVargr,2023-06-02T13:19:15,2023,3,Missing tree bug,missing tree bug
The Sims,sims4,MAGQgirl,2023-06-02T13:39:53,2023,6,The main course is served‚ú®,main course served
The Sims,sims4,OkAmbassador6137,2023-06-02T13:41:39,2023,1,"can you make a Nicki Minaj super bass hairstyle, outfit, accessory and shoes?",make nicki minaj super bass hairstyle outfit accessory shoes
The Sims,sims4,ohlalalavieenrose,2023-06-02T13:46:04,2023,1,How well does the Sims 4 work these days?,well sims 4 work days
The Sims,sims4,HereOrToGo,2023-06-02T13:48:46,2023,4,The job agency called to let my infant know he was slacking,job agency called let infant know slacking
The Sims,sims4,notanotherdoodle,2023-06-02T13:52:32,2023,61,The nicest male I‚Äôve aged up. Can you guess who his dad is? üòÇ,nicest male i‚Äôve aged guess dad
The Sims,sims4,Memor1a,2023-06-02T13:54:32,2023,1,Unable to Report Bug/ Contact EA in UK,unable report bug contact ea uk
The Sims,sims4,Repeat_Odd,2023-06-02T14:05:21,2023,44,the sims to multiverse pipeline,sims multiverse pipeline
The Sims,sims4,fortunatie,2023-06-02T14:10:37,2023,1,Heterochromia Base Game eyes for infants,heterochromia base game eyes infants
The Sims,sims4,ShesGotACriminalMind,2023-06-02T14:17:40,2023,0,Why do all invited sims wear paper bags on heads? Can any mode cause this?,invited sims wear paper bags heads mode cause
The Sims,sims4,jahwah11,2023-06-02T14:19:10,2023,1,Does the game load slower with all dlcs?,game load slower dlcs
The Sims,sims4,marmars247,2023-06-02T14:24:44,2023,1,Updating issues with Ea play app,updating issues ea play app
The Sims,sims4,dl6587,2023-06-02T14:33:36,2023,444,"Uses Jungle Adventure & Cottage Living (only!) | I really enjoyed landscaping this hobbit hole. It‚Äôs functional! It‚Äôs been playtested by 3 Simmers, including yours truly ü•∞",uses jungle adventure cottage living really enjoyed landscaping hobbit hole it‚Äôs functional it‚Äôs playtested 3 simmers including truly
The Sims,sims4,lenochku,2023-06-02T14:36:13,2023,10,Sorry about the picture quality but i just wanted to share my joy with y'all.,sorry picture quality wanted share joy yall
The Sims,sims4,great_meme,2023-06-02T14:49:00,2023,791,"i can‚Äôt decide which is more tragic üò≠ the ‚Äúher speech didn‚Äôt inspire anyone ‚ù§Ô∏è‚Äù, the stray dog texting us goodbye or the fact that these notifications distracted me from noticing kyle kyleson was literally on fire in the next room (he died ü•∞)",can‚Äôt decide tragic ‚Äúher speech didn‚Äôt inspire anyone ‚Äù stray dog texting us goodbye fact notifications distracted noticing kyle kyleson literally fire next room died
The Sims,sims4,Angel_DM_,2023-06-02T14:50:29,2023,22,"The Plant Witch's Manse - a Glimmerbrook Lot Replacement (because let's face it, they weren't the vibe)",plant witchs manse glimmerbrook lot replacement lets face werent vibe
The Sims,sims4,iliketobegaylolz,2023-06-02T14:59:40,2023,1,Why can‚Äôt I adopt a kid?,can‚Äôt adopt kid
The Sims,sims4,quillwove,2023-06-02T15:15:06,2023,1,"Are there gardening bug fixes/mods/workarounds yet? Dirt pile reset, cuttings stack issues.",gardening bug fixesmodsworkarounds yet dirt pile reset cuttings stack issues
The Sims,sims4,Fudgelnut,2023-06-02T15:17:39,2023,14,I know infants are a loved update but‚Ä¶,know infants loved update but‚Ä¶
The Sims,sims4,Ricky_Spanish1989,2023-06-02T15:23:16,2023,1,Werewolves Cheat Undo?,werewolves cheat undo
The Sims,sims4,rearwindowasparagus,2023-06-02T15:29:33,2023,2332,Patchy is a home wrecking scarecrow and he had to die,patchy home wrecking scarecrow die
The Sims,sims4,Am5kat,2023-06-02T15:34:28,2023,308,Is he thinking about what I think he's thinking about?!,thinking think hes thinking
The Sims,sims4,James_cars09,2023-06-02T15:40:34,2023,1,That‚Äôs about right,that‚Äôs right
The Sims,sims4,BbyMuffinz,2023-06-02T15:44:44,2023,2,Seriously Yamachan?,seriously yamachan
The Sims,sims4,Sea-Brilliant-943,2023-06-02T15:45:48,2023,4,"This is going to sound very niche-y & specific, but to all my fellow Discover Uni owners: has anyone ever tried getting their sim knocked up by a male roommate & then transferring the baby to his household in 'manage households'?",going sound nichey specific fellow discover uni owners anyone ever tried getting sim knocked male roommate transferring baby household manage households
The Sims,sims4,Independent_Mix_2153,2023-06-02T15:47:45,2023,1,Boarding school mod?,boarding school mod
The Sims,sims4,MrLenny16,2023-06-02T15:50:51,2023,6,Found a randomly generated sim with 4 traits instead of 3! I haven't discovered all of them yet but it's awesome. Anyone else found this in their game?,found randomly generated sim 4 traits instead 3 havent discovered yet awesome anyone else found game
The Sims,sims4,Cy63rCu1t,2023-06-02T15:58:33,2023,1,Anyone else got these ?,anyone else got
The Sims,sims4,SmilingPainfully,2023-06-02T15:59:10,2023,0,Are they.... f*cking STUPID?,fcking stupid
The Sims,sims4,confetti_popcorn,2023-06-02T16:00:23,2023,1,Is the gallery still down for anyone else?,gallery still anyone else
The Sims,sims4,LunaLivingston,2023-06-02T16:06:45,2023,9,My sims are crazy,sims crazy
The Sims,sims4,sundaysunshine06,2023-06-02T16:13:44,2023,2,100 baby challenge,100 baby challenge
The Sims,sims4,IJUMPEDOFFTHETABLE,2023-06-02T16:16:17,2023,9,I just bought City Living!,bought city living
The Sims,sims4,Jhon_August,2023-06-02T16:19:00,2023,2042,Do you guys ever notice how gigantic the books from growing together shelves are ? and home decorator shelves have the tiniest books. I thought they were cds.,guys ever notice gigantic books growing together shelves home decorator shelves tiniest books thought cds
The Sims,sims4,CarelessRestaurant88,2023-06-02T16:19:49,2023,6,What's your favorite item description?,whats favorite item description
The Sims,sims4,Hot_Ad8648,2023-06-02T16:31:27,2023,181,My cat irl and sims,cat irl sims
The Sims,sims4,windydaycarriedaway,2023-06-02T16:41:33,2023,3,Please help! Can‚Äôt delete debug item in build on Xbox,please help can‚Äôt delete debug item build xbox
The Sims,sims4,ComfortableGur1866,2023-06-02T16:58:40,2023,1,"After the last update, the game is bugged, tips?",last update game bugged tips
The Sims,sims4,chaneuphoria,2023-06-02T17:00:49,2023,566,My six year old was so excited to show me the Skibidi Bop Yes Yes guy she made!! I'm so proud.,six year old excited show skibidi bop yes yes guy made im proud
The Sims,sims4,SparklyPandaPoo,2023-06-02T17:02:35,2023,35,A Couple of Sims My Sim Madeout with.,couple sims sim madeout
The Sims,sims4,heathen-by-nature,2023-06-02T17:04:43,2023,4,Cow Print Walls ~ Base Game CC,cow print walls base game cc
The Sims,sims4,bananajad,2023-06-02T17:09:55,2023,3,"There are times I question this game quite a lot, and this is one of them",times question game quite lot one
The Sims,sims4,1loveyoubbg,2023-06-02T17:11:21,2023,1,Good Mod conflict detector?,good mod conflict detector
The Sims,sims4,hyndie,2023-06-02T17:16:34,2023,34,Just finished building this beauty! Fully furnished BASE GAME ONLY family house :) it's on the gallery if anyone is interested: hyndie_r,finished building beauty fully furnished base game family house gallery anyone interested hyndier
The Sims,sims4,T0X1cD3m0n,2023-06-02T17:19:26,2023,8,Only my Sim would do this...,sim would
The Sims,sims4,SkoomaCakes,2023-06-02T17:30:54,2023,73,"Glintstone Magic Academy with potion classroom, lectures on how to summon ghosts, astronomy room, lots of books, crystals... and a secret in the basement... and way more but i already took too many screenshots",glintstone magic academy potion classroom lectures summon ghosts astronomy room lots books crystals secret basement way already took many screenshots
The Sims,sims4,Final-Database9801,2023-06-02T17:37:13,2023,22,"Long-time builder, first-time poster! 'Modern City Bungalow', fully furnished. Simple and contemporary. Sorry, no clutter here :)",longtime builder firsttime poster modern city bungalow fully furnished simple contemporary sorry clutter
The Sims,sims4,ThePoggestOfChamps,2023-06-02T17:44:55,2023,1,Curious about the knitting and tiny living packs,curious knitting tiny living packs
The Sims,sims4,Obv-ada,2023-06-02T17:51:48,2023,1,Both on the light blue swatch,light blue swatch
The Sims,sims4,ariannemb,2023-06-02T17:59:53,2023,1,I built a BASE GAME no CC barn door ‚ú® Gallery ID MariaBML ‚ú®,built base game cc barn door gallery id mariabml
The Sims,sims4,julessammiee,2023-06-02T18:01:36,2023,4,EA asked for constructive criticism in regards to the console changes. I provided concise and complete criticism only to have my comment deleted for ‚Äútrolling‚Äù,ea asked constructive criticism regards console changes provided concise complete criticism comment deleted ‚Äútrolling‚Äù
The Sims,sims4,wannadiebutlovemycat,2023-06-02T18:02:06,2023,1,Is it just me or have the controls changed for ps4?,controls changed ps4
The Sims,sims4,MichaelaH253,2023-06-02T18:05:32,2023,235,I built a spacious bungalow for a family of 5 sims with a big backyard! üç£ What do you think? | ID: michaelasimsyt,built spacious bungalow family 5 sims big backyard think id michaelasimsyt
The Sims,sims4,GeekEKitten,2023-06-02T18:16:59,2023,1,I just felt the need to share this,felt need share
The Sims,sims4,jenna_jonerys,2023-06-02T18:18:49,2023,1,Strange Graphics in CAS and Menus,strange graphics cas menus
The Sims,sims4,VilkasIsMyHusbando,2023-06-02T18:19:14,2023,13,i forgot to post these updated pics of my sim ü©∑ü©∑,forgot post updated pics sim
The Sims,sims4,Shinobiwizard_,2023-06-02T18:21:01,2023,11,Dirk dreamer looking for a sugar baby,dirk dreamer looking sugar baby
The Sims,sims4,livhab,2023-06-02T18:29:36,2023,6,Spellcaster sim with vampire face ?,spellcaster sim vampire face
The Sims,sims4,This_Bid4703,2023-06-02T18:34:43,2023,5,can my sims pls stop lighting their kitchen on fire,sims pls stop lighting kitchen fire
The Sims,sims4,tttwinkie,2023-06-02T18:36:14,2023,1,Any idea what might be causing this?,idea might causing
The Sims,sims4,SungchanKJA,2023-06-02T18:40:34,2023,2,Skin color of newborn,skin color newborn
The Sims,sims4,izybelll,2023-06-02T18:41:57,2023,3,Anyone know why this may be happening?,anyone know may happening
The Sims,sims4,fanboirl,2023-06-02T18:53:58,2023,23,"I don't really use Reddit anymore, but I had to share my first kind of pretty sim :)",dont really use reddit anymore share first kind pretty sim
The Sims,sims4,xasadnerdx,2023-06-02T18:54:30,2023,1,is there ANY way i can revert the snap sim & game speed controls.,way revert snap sim game speed controls
The Sims,sims4,Significant_Emu_6910,2023-06-02T19:02:18,2023,1,What‚Äôs your favorite mod,what‚Äôs favorite mod
The Sims,sims4,ScootCommute00,2023-06-02T19:18:27,2023,1,I don't know how to fix this!!!,dont know fix
The Sims,sims4,Misterrkittyy,2023-06-02T19:20:38,2023,9,"Hello everyone, i could use some name suggestions for my Mermaid sim, i cant think of anything so i thought i ask my fellow redditors üòÑ",hello everyone could use name suggestions mermaid sim cant think anything thought ask fellow redditors
The Sims,sims4,BettyLoops,2023-06-02T19:24:50,2023,1,"Can't find the ""humanize all sims"" option in MCC?",cant find humanize sims option mcc
The Sims,sims4,ComprehensiveHost564,2023-06-02T19:36:45,2023,0,New controls for console players suck,new controls console players suck
The Sims,sims4,AalyahReed,2023-06-02T19:56:22,2023,0,Is it possible...they made the gallery even worse?,possiblethey made gallery even worse
The Sims,sims4,daemo_,2023-06-02T20:00:50,2023,237,No CC Hijabi with Grunge Kit !! üé∏,cc hijabi grunge kit
The Sims,sims4,LadyMosiacSlime,2023-06-02T20:11:37,2023,1,I just wanted to play sims,wanted play sims
The Sims,sims4,bridgetfadden,2023-06-02T20:20:16,2023,1,Saw this on Facebook and‚Ä¶üôÉ,saw facebook and‚Ä¶
The Sims,sims4,Straight_Ace,2023-06-02T20:22:28,2023,2532,When she's 2 and already has called 911 for non emergency reasons,shes 2 already called 911 non emergency reasons
The Sims,sims4,New_Bid_2710,2023-06-02T20:29:03,2023,13,My sims save story,sims save story
The Sims,sims4,MrDrWeedy,2023-06-02T20:31:42,2023,1,thats not scary at all,thats scary
The Sims,sims4,pink-begonia,2023-06-02T20:38:47,2023,1,Records of 100 Baby Challenge,records 100 baby challenge
The Sims,sims4,Original_Bullfrog_20,2023-06-02T20:44:59,2023,1,Full Moon Party üôÉ,full moon party
The Sims,sims4,TheGloriousSun74,2023-06-02T20:48:28,2023,673,I have never been so scarred in my life.,never scarred life
The Sims,sims4,viktorvictini,2023-06-02T20:52:12,2023,1,I‚Äôm evicting everyone from my save,i‚Äôm evicting everyone save
The Sims,sims4,ElderberryAwkward590,2023-06-02T20:55:19,2023,1,"So today Johnny Zest got an unknown call from a ""close relative"" for a stay-over invite. This guy shows up and in relation, it shows that they are cousins but WHY DO THEY LOOK LIKE TWINS!!! and Guess what Johnny's girlfriend in my gameplay is pregnant with twins too. Guess it runs in the family",today johnny zest got unknown call close relative stayover invite guy shows relation shows cousins look like twins guess johnnys girlfriend gameplay pregnant twins guess runs family
The Sims,sims4,Both-Lie5316,2023-06-02T20:58:26,2023,3,and this is why you always save.,always save
The Sims,sims4,LaggingIRL007,2023-06-02T21:16:32,2023,1,Furious and frustrated because I can no longer progress in my game.,furious frustrated longer progress game
The Sims,sims4,ferns_and_forests,2023-06-02T21:21:59,2023,3,Something isn't quite right here...,something isnt quite right
The Sims,sims4,HappyKnitter34,2023-06-02T21:30:29,2023,3,This is my most hated haircut in the game. What's yours?,hated haircut game whats
The Sims,sims4,PunkinPumkin,2023-06-02T21:35:00,2023,7,I killed my clone,killed clone
The Sims,sims4,serenitychick,2023-06-02T21:37:29,2023,14,It did NOT take long for WW to be worth the install but no one warned me this might happen.,take long ww worth install one warned might happen
The Sims,sims4,sabmish,2023-06-02T21:41:00,2023,3,What are fun plots you‚Äôve run with the neighbors?,fun plots you‚Äôve run neighbors
The Sims,sims4,BarracudaOne1618,2023-06-02T21:58:44,2023,1,Naming all her kids R names and I have no idea why I‚Äôm doing this. I need more R names for future babies!,naming kids r names idea i‚Äôm need r names future babies
The Sims,sims4,Virtual-Profit-1405,2023-06-02T22:06:55,2023,1,My mods ‚Ä¶ they are gone,mods ‚Ä¶ gone
The Sims,sims4,temporaryidc,2023-06-02T22:27:47,2023,1,why is nancy married to geoffrey? what's the story behind them?,nancy married geoffrey whats story behind
The Sims,sims4,lumi_quinn,2023-06-02T22:28:50,2023,8,Is um‚Ä¶ is this normal? /j,um‚Ä¶ normal j
The Sims,sims4,Low-Ad-3838,2023-06-02T22:29:40,2023,1,Sims4 gallery still down?,sims4 gallery still
The Sims,sims4,lazysoups,2023-06-02T22:36:02,2023,33,"So far Aaron has explored space, made his neighborhood green, married Knox Greenburg and got a 2-for-1 deal at the Baby Lab. Not bad for a test sim. üëå",far aaron explored space made neighborhood green married knox greenburg got 2for1 deal baby lab bad test sim
The Sims,sims4,SimMinnie,2023-06-02T22:37:55,2023,1186,"This really satisfied my curiosity, lol. I wonder what happens when you drink it.",really satisfied curiosity lol wonder happens drink
The Sims,sims4,WOAHwoa0,2023-06-02T22:47:06,2023,28,J Huntington III look so creepy!,j huntington iii look creepy
The Sims,sims4,crystalxuk,2023-06-02T22:49:06,2023,1,I can't give all npc sims a career anymore using mccc.,cant give npc sims career anymore using mccc
The Sims,sims4,Large-Jury3777,2023-06-02T23:15:24,2023,1,Anyone know how to play the sims using a controller on a computer.,anyone know play sims using controller computer
The Sims,sims4,whisperingwillowing,2023-06-02T23:16:36,2023,6,who should be the gen two heir?,gen two heir
The Sims,sims4,Pleasant_Mushroom450,2023-06-02T23:16:43,2023,7,Grunge Book Nook üñ§‚ú® NO CC - gallery ID: shannonbuilds - Insta: shannonbuilds_,grunge book nook cc gallery id shannonbuilds insta shannonbuilds
The Sims,sims4,Strict_Emphasis_9086,2023-06-02T23:18:14,2023,2,Can I keep my family tree when moving saves?,keep family tree moving saves
The Sims,sims4,IrrelevantCheesecake,2023-06-02T23:31:18,2023,1,People always talk about sims loosing their chins but what about their shoulders?,people always talk sims loosing chins shoulders
The Sims,sims4,fxndixx,2023-06-02T23:43:14,2023,7,my sim with no cc üòÆ‚Äçüí®,sim cc
The Sims,sims4,3milyBlazze,2023-06-02T23:47:21,2023,1,One of my Sims isn't responding to commands?,one sims isnt responding commands
The Sims,sims4,linewithoutahook000,2023-06-02T23:55:12,2023,1,I used to have a Make Happy option (on my old laptop) when I click the arrow (household member not in the same lot). Not sure if its from a mod but I can't find anything about it. Any ideas?,used make happy option old laptop click arrow household member lot sure mod cant find anything ideas
The Sims,sims4,Narrow_Music,2023-06-03T00:03:47,2023,1,wow what a cutie,wow cutie
The Sims,sims4,Ill_Reporter_590,2023-06-03T00:10:47,2023,6,How do I stop the ex-wife from flirting and kissing my sim,stop exwife flirting kissing sim
The Sims,sims4,diothyst,2023-06-03T00:14:47,2023,1,Got rid of every single mod/CC,got rid every single modcc
The Sims,sims4,Remarkable_Camel2488,2023-06-03T00:17:42,2023,1,This is my proudest sim design made with base game clothing,proudest sim design made base game clothing
The Sims,sims4,Ok_Charity_7922,2023-06-03T00:19:03,2023,1,Twins: Aged Up and then Fixed in CAS,twins aged fixed cas
The Sims,sims4,annaboo7998,2023-06-03T00:20:07,2023,1,"Them changing the controls for console, ESPECIALLY the speed and character switch, is some of the most disrespect shit they've ever done to us",changing controls console especially speed character switch disrespect shit theyve ever done us
The Sims,sims4,goodbredyes,2023-06-03T00:20:43,2023,1,Can‚Äôt get one of my packs to work?,can‚Äôt get one packs work
The Sims,sims4,Matias_el_Mago,2023-06-03T00:22:10,2023,1,How many sims are needed in each role?,many sims needed role
The Sims,sims4,kalihia,2023-06-03T00:23:02,2023,8,What's the longest you've left your game unpaused?,whats longest youve left game unpaused
The Sims,sims4,IeishaS,2023-06-03T00:35:36,2023,22,Super happy for him üéìüéâ,super happy
The Sims,sims4,KingQup,2023-06-03T00:42:25,2023,1,Is there a way/cheat to get rid of the fog? Im about to take on a huge project,waycheat get rid fog im take huge project
The Sims,sims4,Krododile28,2023-06-03T01:23:20,2023,71,I never noticed this in the Uptown neighborhood of San Myshuno before,never noticed uptown neighborhood san myshuno
The Sims,sims4,BeesBlooms,2023-06-03T01:31:02,2023,11,How to beat Greg the Werewolf?,beat greg werewolf
The Sims,sims4,ImNotAGoodPerson07,2023-06-03T01:43:23,2023,1,How do I fix this? I saved and exited when it was like this but it‚Äôs still on this screen when I return,fix saved exited like it‚Äôs still screen return
The Sims,sims4,NotSomethinSpecial,2023-06-03T01:52:36,2023,3,I'm so sick of townie sims thinking they can just do whatever they want,im sick townie sims thinking whatever want
The Sims,sims4,somuchsimming,2023-06-03T01:54:07,2023,306,I built a house based on a page from a coloring book. What do you guys think?,built house based page coloring book guys think
The Sims,sims4,ddelletedd,2023-06-03T01:57:24,2023,36,I got the new grunge kit and decided to change my household up a bit!,got new grunge kit decided change household bit
The Sims,sims4,terrorofthemidwest,2023-06-03T02:00:34,2023,19,my bella goth redesign,bella goth redesign
The Sims,sims4,Plus-Confection1421,2023-06-03T02:04:37,2023,157,No CC sims (~a sad console player),cc sims sad console player
The Sims,sims4,noodlebeans_,2023-06-03T02:23:37,2023,1,Yeah Seems about right ü§£,yeah seems right
The Sims,sims4,LatterSir3956,2023-06-03T02:26:37,2023,1,household photos,household photos
The Sims,sims4,IsThatBlueSoup,2023-06-03T02:27:53,2023,91,I started playing a family living off-grid. Super fun! Here's their little house during golden hour.,started playing family living offgrid super fun heres little house golden hour
The Sims,sims4,No-Instruction-5120,2023-06-03T02:28:39,2023,1,Please I really need help,please really need help
The Sims,sims4,iaharris,2023-06-03T02:38:05,2023,9,How can I make my game more interesting?,make game interesting
The Sims,sims4,SnooBunnies7709,2023-06-03T02:38:13,2023,38,some of my favorite sims i‚Äôve made to date !,favorite sims i‚Äôve made date
The Sims,sims4,AdOld3855,2023-06-03T02:44:39,2023,1,I need serious help. Game seems to be messed up.,need serious help game seems messed
The Sims,sims4,Waris_Retired,2023-06-03T02:56:22,2023,19,"Thanks for the child support payments were not homeless but you maybe,",thanks child support payments homeless maybe
The Sims,sims4,EstablishmentSome704,2023-06-03T03:02:30,2023,1,Problems with EA app,problems ea app
The Sims,sims4,Ok_Battle8218,2023-06-03T03:22:58,2023,14,A moment of silence please ü•∫,moment silence please
The Sims,sims4,cbwaug,2023-06-03T04:17:17,2023,7,"Does living ""off grid"" mean you won't have bills?",living grid mean wont bills
The Sims,sims4,BlueVermilion,2023-06-03T04:19:16,2023,22,"I need second opinions: Which one looks better? Red top, black bottom, or black top, red bottom.",need second opinions one looks better red top black bottom black top red bottom
The Sims,sims4,Rogerther4bbit,2023-06-03T04:20:31,2023,1163,I love how he strokes the chicken before taking it away,love strokes chicken taking away
The Sims,sims4,seobyonce,2023-06-03T04:23:24,2023,4,Please help me exorcise my demon child,please help exorcise demon child
The Sims,sims4,s0rrybaby,2023-06-03T04:29:37,2023,1,Anyone know how to fix? Im not sure what mod/cc is broken,anyone know fix im sure modcc broken
The Sims,sims4,ElsaVizsla,2023-06-03T04:54:35,2023,4,I'm doing a Legacy Challenge and just wanted to share how it's going so far,im legacy challenge wanted share going far
The Sims,sims4,TheRevTholomeuPlague,2023-06-03T05:07:14,2023,11,Why is my peeping Tom glowing red?,peeping tom glowing red
The Sims,sims4,ajroeg,2023-06-03T05:15:37,2023,1,Sims won't stop being mean to each other,sims wont stop mean
The Sims,sims4,Monster315Says,2023-06-03T05:17:15,2023,2,No more photo friendship boosts?! Ugh!,photo friendship boosts ugh
The Sims,sims4,Similar-Review9084,2023-06-03T05:41:35,2023,1,slowing down time,slowing time
The Sims,sims4,angel_with_shotgunnn,2023-06-03T05:47:45,2023,219,I think we all know who the favorite daughter is,think know favorite daughter
The Sims,sims4,Same-Background7710,2023-06-03T06:00:08,2023,1,How to recover a save file older than the ones shown on the main menu,recover save file older ones shown main menu
The Sims,sims4,BangtanUA,2023-06-03T06:13:00,2023,1,Is the gallery still broken for you guys?,gallery still broken guys
The Sims,sims4,Artistic-Weakness-67,2023-06-03T06:31:10,2023,1,What is happening? Happens with or without my mods and after Love after Breakup Scenario,happening happens without mods love breakup scenario
The Sims,sims4,Infamous-Signature41,2023-06-03T06:47:52,2023,1,Facts and logic I‚Äôm afraid,facts logic i‚Äôm afraid
The Sims,sims4,trixiewutang,2023-06-03T07:05:07,2023,6,eric lewis abandoned me in the middle of our date to bang nancy landgraab,eric lewis abandoned middle date bang nancy landgraab
The Sims,sims4,JustCallMeMental,2023-06-03T07:16:32,2023,1,"I'm very irritated about this happening, I have to run a load multiple times to get it dry and now It won't register my washer.",im irritated happening run load multiple times get dry wont register washer
The Sims,sims4,CaelemPJS,2023-06-03T07:44:51,2023,13,Death by old age is anticlimactic,death old age anticlimactic
The Sims,sims4,EBS_Games643,2023-06-03T08:02:23,2023,0,TIL there's cars in the sims,til theres cars sims
The Sims,sims4,peanutsandstuff,2023-06-03T08:03:14,2023,31,when the midwife has to smoke one before delivery,midwife smoke one delivery
The Sims,sims4,itsGeLL,2023-06-03T08:14:58,2023,351,Queen √âlise of Brindleton.,queen √©lise brindleton
The Sims,sims4,Felix_Level_,2023-06-03T08:31:13,2023,6,How would you name her?,would name
The Sims,sims4,nightoverlondon,2023-06-03T08:41:58,2023,1,My birthday decorations from work üíö,birthday decorations work
The Sims,sims4,Beneficial-Ad-3192,2023-06-03T08:56:40,2023,15,"I built this hugeee house 7 bedrooms, and half of it‚Äôs on an angle and i swear i am never building a house on an angle again üò≠ has anyone else built a house at an angle before and got any tips to make life easier LMAO",built hugeee house 7 bedrooms half it‚Äôs angle swear never building house angle anyone else built house angle got tips make life easier lmao
The Sims,sims4,Lady_Phantomhive1445,2023-06-03T09:13:32,2023,22,Some other selfies,selfies
The Sims,sims4,Aves_left_the_chat,2023-06-03T09:19:58,2023,1,To many feelings at once.,many feelings
The Sims,sims4,Pristine-Peach-3635,2023-06-03T09:35:20,2023,3,I cant make my roomate leave,cant make roomate leave
The Sims,sims4,NeedleworkerBoth5518,2023-06-03T09:37:26,2023,380,The story of what happens when you decide to decorate a shelf later,story happens decide decorate shelf later
The Sims,sims4,Efficient-Net7092,2023-06-03T09:42:22,2023,18,Travis scott's gene is strong af,travis scotts gene strong af
The Sims,sims4,SleepyMellyBelly,2023-06-03T09:43:21,2023,4,Cheat to keep pets from aging?,cheat keep pets aging
The Sims,sims4,hesterishere,2023-06-03T09:49:09,2023,1,"Lonely sim starts speed dating club to find true love, only to discover she's physically incapable of flirting :(",lonely sim starts speed dating club find true love discover shes physically incapable flirting
The Sims,sims4,samsies177,2023-06-03T09:55:09,2023,1,what's changed in the gallery???,whats changed gallery
The Sims,sims4,ZorroTheUltimateChad,2023-06-03T10:12:14,2023,1,Any Regency era mods??,regency era mods
The Sims,sims4,smodgie,2023-06-03T10:19:15,2023,1,Sims cannot sleep,sims cannot sleep
The Sims,sims4,SkinnyLegendq,2023-06-03T10:24:07,2023,3,"originally I wasn't too anti Ea desktop, but oh my lordy lord HOW???",originally wasnt anti ea desktop oh lordy lord
The Sims,sims4,ElBee288,2023-06-03T10:43:00,2023,440,"I made my first CC ever. It's pretty simple but I'm proud of it, and I'm also happy to have some baseball caps with a better variety of graphics on them.",made first cc ever pretty simple im proud im also happy baseball caps better variety graphics
The Sims,sims4,LetterheadFederal525,2023-06-03T10:46:55,2023,1,is there any hair alpha cc out there that resembles veliona's hair from honkai impact 3rd ? i need help,hair alpha cc resembles velionas hair honkai impact 3rd need help
The Sims,sims4,HoneyCatBuns,2023-06-03T11:02:32,2023,13,Annoying terrain paint problem.,annoying terrain paint problem
The Sims,sims4,LuckyPoti1on,2023-06-03T11:09:53,2023,1,Needs TLC apartment not compatible with platforms.,needs tlc apartment compatible platforms
The Sims,sims4,baileythekiller,2023-06-03T11:23:00,2023,711,Having a glass door makes strangers visiting much creepier.,glass door makes strangers visiting much creepier
The Sims,sims4,yurimoon,2023-06-03T11:23:40,2023,1,My sim doesn't cook even though counters are clear,sim doesnt cook even though counters clear
The Sims,sims4,bmff-,2023-06-03T11:32:39,2023,1,Alpha CC on infants and toddlers be like‚Ä¶,alpha cc infants toddlers like‚Ä¶
The Sims,sims4,definitely_Joseph,2023-06-03T11:46:12,2023,1,So ever since the new update my game (xbox series s) keeps crashing. Anyone else having this problem and how can I resolve this?,ever since new update game xbox series keeps crashing anyone else problem resolve
The Sims,sims4,odakata,2023-06-03T11:46:39,2023,5,How much flirting does it require to find ones fated mate?,much flirting require find ones fated mate
The Sims,sims4,That1weirdperson,2023-06-03T11:47:51,2023,37,"Paparazzi and stans, beware!",paparazzi stans beware
The Sims,sims4,cjp0224,2023-06-03T11:52:29,2023,1,How to uninstall game packs?,uninstall game packs
The Sims,sims4,lexi4not,2023-06-03T12:11:12,2023,142,Tried the new Grunge Kit!,tried new grunge kit
The Sims,sims4,spectrespecs_,2023-06-03T12:14:31,2023,1,no bc please help me,bc please help
The Sims,sims4,RachMills0912,2023-06-03T12:14:34,2023,1,Which packs are worth buying for more realistic gameplay?,packs worth buying realistic gameplay
The Sims,sims4,forensace,2023-06-03T12:29:32,2023,16,someone ran out of simoleons for fencing,someone ran simoleons fencing
The Sims,sims4,ryan__king_,2023-06-03T12:30:09,2023,1,"my sim just had twins and although i picked their names, they now have completely different names. is anyone else experiencing this?",sim twins although picked names completely different names anyone else experiencing
The Sims,sims4,khogalis,2023-06-03T12:33:52,2023,3749,yes kits are a scam but Ada‚Äôs super cute so!,yes kits scam ada‚Äôs super cute
The Sims,sims4,-whoopdeedoo-,2023-06-03T12:41:08,2023,1,the controls on ps4 are messed up,controls ps4 messed
The Sims,sims4,harleyquinn12321,2023-06-03T12:41:38,2023,2,That one time i didn't got lazy and made my sim a wedding...,one time didnt got lazy made sim wedding
The Sims,sims4,Gametastisch,2023-06-03T12:47:35,2023,736,Romantic Tartosa House | NO CC | EA ID ParadiseBeach90,romantic tartosa house cc ea id paradisebeach90
The Sims,sims4,Hour_Dig_6908,2023-06-03T12:59:56,2023,1,Am I the only one having this issue/glitch after the new Sims 4 update? And how do I fix it?,one issueglitch new sims 4 update fix
