subreddit,year,content
callofduty,2020,well say
callofduty,2020,perfection
callofduty,2020,get mercy
callofduty,2020,ogs remember
callofduty,2020,campwarfare
callofduty,2020,accurate
callofduty,2020,satisfaction ever
callofduty,2020,ah yes
callofduty,2020,last thing generald sheperd ever saw
callofduty,2020,steal twitter
callofduty,2020,original imposter
callofduty,2020,go buff doge meme format think pretty much u moment
callofduty,2020,else would like see
callofduty,2020,would like karen zombie
callofduty,2020,nobody 14 year old
callofduty,2020,russian
callofduty,2020,rip let remember kobe gamer black ops live action trailer
callofduty,2020,feel
callofduty,2020,best campaign ever 1010
callofduty,2020,something never see know 2012
callofduty,2020,makarov know yuri
callofduty,2020,comment make sense
callofduty,2020,fastest 14 kill youll ever see
callofduty,2020,community annoy fortnites
callofduty,2020,think id share killcam get 8 year ago
callofduty,2020,true greatest betrayal would never happen
callofduty,2020,didnt happen waw
callofduty,2020,post rgaming post well proud say every achievement every call duty
callofduty,2020,imagine fresh restart prestige master
callofduty,2020,use someone
callofduty,2020,alternative time line
callofduty,2020,always
callofduty,2020,happen every year
callofduty,2020,call duty logic
callofduty,2020,legends remember
callofduty,2020,stop scrolling brother
callofduty,2020,cpt price best lofi girl
callofduty,2020,find truth
callofduty,2020,thats one less loose end
callofduty,2020,warfare base deception
callofduty,2020,would take
callofduty,2020,cmon guy
callofduty,2020,july 16 god sake
callofduty,2020,thats safe spot car
callofduty,2020,relevant
callofduty,2020,dream
callofduty,2020,youve dяфppԑd гңє ӻlдg
callofduty,2020,understand two franchise far
callofduty,2020,go spot finally nail
callofduty,2020,sad reaction
callofduty,2020,ghost ghost good game
callofduty,2020,green screen good thats one less loose end shoot shoot someone 4k quality
callofduty,2020,let talk pc player want relive classic price hasnt change since 2012
callofduty,2020,like math
callofduty,2020,respect
callofduty,2020,might disagree youtubers part reason multiplayer suck day
callofduty,2020,waw round 5 like
callofduty,2020,aw enjoy campaign
callofduty,2020,intriguing title
callofduty,2020,buy game internet cry war
callofduty,2020,5 year black ops 2 longer future nostalgia seriously start hit
callofduty,2020,cold war artwork
callofduty,2020,one game every 2 year seasonal dlc could work
callofduty,2020,im god damn onion mason
callofduty,2020,literally unplayable
callofduty,2020,would cool
callofduty,2020,shit randomly pop head
callofduty,2020,always hunt dream
callofduty,2020,cup song gun might trigger ptsd
callofduty,2020,almost finish cant wait kill menendez
callofduty,2020,supersoldiers like
callofduty,2020,sorry poor meme post think truth
callofduty,2020,day 11 year ago 2009 arguably best game franchise release happy birthday
callofduty,2020,friend favourite
callofduty,2020,diary wimpy kid shepherd rule
callofduty,2020,really like tho
callofduty,2020,real ogs would know
callofduty,2020,8 trigram 64 frag round
callofduty,2020,ghost roach shepherd eye
callofduty,2020,waw thank god
callofduty,2020,mean
callofduty,2020,glassas
callofduty,2020,mw2low quality meme friend send
callofduty,2020,mission fail well get em next time
callofduty,2020,take 5 stuns 3 grenade
callofduty,2020,remember ghost perk actually balance
callofduty,2020,pov drop soap
callofduty,2020,9 year ago today modern warfare 3 release thank memory
callofduty,2020,best task force ever assemble
callofduty,2020,still hurt year later cant help feel bad price lose everyone except nikolai
callofduty,2020,gulag long time
callofduty,2020,anxiety level old memory
callofduty,2020,modern warfare 2 best
callofduty,2020,wed settle dispute back day
callofduty,2020,activision get kim kardashian people promote black ops 2 2012
callofduty,2020,see people confuse good even though u russia never directly engage combat cold war cause 10 different war call proxy war war 19472003 18288326 death 6959 miss game could insane
callofduty,2020,wingsofredemption reacts roach ghost death
callofduty,2020,soon saw lsat trend know someone gon na
callofduty,2020,father give today first copy black ops feel honor
callofduty,2020,listen
callofduty,2020,installs aw deletes aw
callofduty,2020,yikes
callofduty,2020,campaign bonjour
callofduty,2020,wouldnt get joker 2019
callofduty,2020,daily dose nostalgia arrive
callofduty,2020,black ops 1 still best gold camo
callofduty,2020,mobile confuse player
callofduty,2020,rip man soap
callofduty,2020,heard nicaragua great healthcare
callofduty,2020,bo2peter nooooo
callofduty,2020,maniac edit
callofduty,2020,miss
callofduty,2020,call duty fan art ghost put 5 hour heart soul hope like
callofduty,2020,ghost say ghost perk system amazing stayed
callofduty,2020,covid19 call pointstreaks goddamn
callofduty,2020,timeline understood
callofduty,2020,love call duty world war dark atmosphere waw
callofduty,2020,dataminers find titlescreen red door alpha
callofduty,2020,damn activision give u
callofduty,2020,sad reality
callofduty,2020,scientist mandalorian farids voice actor
callofduty,2020,happy birthday
callofduty,2020,use tell kobe everytime rip kobe bryant 19782020
callofduty,2020,kind nuke
callofduty,2020,ah one classic jev rage
callofduty,2020,twitter gold mine
callofduty,2020,dream get
callofduty,2020,tb peter get xbox play
callofduty,2020,cool would one devs preferably treyarch make game base zombie apocalypse campaign 1012 hour long go full horror gore something like mad max pt
callofduty,2020,dad artist look idea draw recommend try hand character video game ghost think pretty cool
callofduty,2020,admit cry
callofduty,2020,decide hop black ops 2 couple game hacker get creative
callofduty,2020,mission usdd
callofduty,2020,lower difficulty
callofduty,2020,first appearance pow cod1
callofduty,2020,god damn war
callofduty,2020,stage
callofduty,2020,mw3i also fear dog
callofduty,2020,come
callofduty,2020,funny tho
callofduty,2020,relevant activision remove tiananmen square footage follow china ban
callofduty,2020,make cake friend son birthday think guy might like
callofduty,2020,trickshot lobby boys good old day
callofduty,2020,please treyarch
callofduty,2020,hey russian look different
callofduty,2020,day 10 year ago masterpiece release happy 10 year anniversary black ops thank great memory
callofduty,2020,havent already
callofduty,2020,mid august
callofduty,2020,pain never go away
callofduty,2020,find resistance irl
callofduty,2020,think sharted
callofduty,2020,one luckiest moment black ops 2 day triple collateral wall ballista 4 year ago server werent plague hacker miss day
callofduty,2020,welcome nuke town people twitter repost
callofduty,2020,nobody ask current physical collection
callofduty,2020,washington dc like
callofduty,2020,need old menu back new game clean easy use new one laggy scroll around tab load
callofduty,2020,yesssss
callofduty,2020,holy shit guy reveal trailer
callofduty,2020,waw people still play waw still fun still competetive middle school use play ps3 friend night miss old day
callofduty,2020,try get knife enemy without know achievement find secret animation
callofduty,2020,waw 12 year ago today veteran day call duty world war release arguably darkestgrittiest wwii game game feature wwii pacific campaign date happy bday
callofduty,2020,pick ghost 2 local goodwill apparently didnt pay enough attention disc get home install ghost actually legacy edition infinite warfare infinite warfare modern warfare remastered 2
callofduty,2020,happy father day guy brainwash fake death leave kid traumatize
callofduty,2020,one favourite mission
callofduty,2020,waw surely person would absolutely love world war remastered feel like game get little praise deserves
callofduty,2020,know want
callofduty,2020,replay old campaign decide make
callofduty,2020,couldve least use previous name like ac130 harrier strike
callofduty,2020,turn game area zombie tribute first easiest step wall gun next mystery box wall map
callofduty,2020,love many hat happy 5 year anniversary black ops 3
callofduty,2020,want play ffa man
callofduty,2020,useless killstreak
callofduty,2020,commando like
callofduty,2020,miss old dlc map
callofduty,2020,joke aside really good plot twist put piece back together
callofduty,2020,ghost memory
callofduty,2020,u delete dlc u find game
callofduty,2020,ghost riley still pup
callofduty,2020,yall want update still finish make progress
callofduty,2020,spent much time
callofduty,2020,aw meme
callofduty,2020,could play one call duty memory game erase one would choose yeah lot flaw question get im try ask lol
callofduty,2020,feature keep play every day call card emblems earn omission make mp feel empty day one
callofduty,2020,hell b thing screen
callofduty,2020,sugar cooky royal ice fan
callofduty,2020,new favorite snack
callofduty,2020,capture ak47s series put sidebyside
callofduty,2020,best game history
callofduty,2020,people learn legal opinion
callofduty,2020,ramirez wtf
callofduty,2020,satisfy knife throw game history
callofduty,2020,first random tomahawk get 9 year ago stumble across recently
callofduty,2020,true tho
callofduty,2020,update collection
callofduty,2020,feel kinda awesome long old 11 hour work make hope like haha
callofduty,2020,find old issue xbox 360 magazine
callofduty,2020,boy bring back
callofduty,2020,sickest tomahawk across map capture old gen year
callofduty,2020,look find lol
callofduty,2020,kill makarov shepherd
callofduty,2020,respect old bois
callofduty,2020,ghostsi thing
callofduty,2020,imagine codwawremaster madei would like hear thought
callofduty,2020,shepherd kinda sus
callofduty,2020,look accurate
callofduty,2020,back board window matter
callofduty,2020,black ops cold war leak logo
callofduty,2020,crossmap hit early level
callofduty,2020,ghost ghost moment hit first trickshot
callofduty,2020,build nuketown mobile
callofduty,2020,make black ops truck gta
callofduty,2020,gaz
callofduty,2020,huh easy little much fun edit video lol
callofduty,2020,saw someone post cqb test look find 6 year old cqb run
callofduty,2020,best best
callofduty,2020,infinity ward gang treyarch gang
callofduty,2020,classic wood
callofduty,2020,cant take camper
callofduty,2020,official
callofduty,2020,old gold start era meme
callofduty,2020,fallen
callofduty,2020,dug ancient laptop play legend
callofduty,2020,best run cargo ship mockup far
callofduty,2020,2020s development nutshell
callofduty,2020,crop mematic
callofduty,2020,teacher talk math problem train also teacherwhat would outcome intellectual train go boom
callofduty,2020,come 60 4 dlcs alone
callofduty,2020,bothe year 2011 black ops 1 release new rezurrection dlc pack sibling begs play zombie decide nice let join
callofduty,2020,remastered cant play singleplayer game youre offline
callofduty,2020,finally complete
callofduty,2020,dont know launch cry
callofduty,2020,feel play recruit
callofduty,2020,find today oh memory
callofduty,2020,stressful reward game complete
callofduty,2020,luckiest game win combat axe kill
callofduty,2020,get monkey bomb
callofduty,2020,wawthe true weapon pacific
callofduty,2020,simple time
callofduty,2020,happy see favorite detail include remaster
callofduty,2020,bo1 nutshell
callofduty,2020,veteran like
callofduty,2020,find old gem two cousin play split screen 10 year ago
callofduty,2020,best trickshot double wallbang
callofduty,2020,take care u couldnt stop beating f respect
callofduty,2020,craziest tomohawk ive ever hit watch till end
callofduty,2020,even patriotic blanket sick
callofduty,2020,soap trust
callofduty,2020,new metal poster arrive
callofduty,2020,noc still good one
callofduty,2020,intense callouts mobile esports regional playoff
callofduty,2020,mission accomplish
callofduty,2020,long overdue
callofduty,2020,im start template
callofduty,2020,meme overrate make
callofduty,2020,love play old game especially physic outstanding cod3
callofduty,2020,case anyone forget veteran earlier like
callofduty,2020,waw farewell sgt buffaloe rip
callofduty,2020,free activation code neither husband play didnt want go waste hope work enjoy
callofduty,2020,true
callofduty,2020,let never forget lady russian also appear davis family vacation
callofduty,2020,find basement
callofduty,2020,black ops 2 dead 15 hour let talk
callofduty,2020,ghost love image heart
callofduty,2020,damn mcdonalds wifi
callofduty,2020,look old clip mine find gem
callofduty,2020,nostalgia come back
callofduty,2020,year hunt ive finally complete trilogy popular opinion regard best game ever make
callofduty,2020,love oblivious people
callofduty,2020,get today brand new
callofduty,2020,captain price frank wood wolverine
callofduty,2020,mobile im mobile player meme might relatable version idk
callofduty,2020,walle hit map moab trickshot
callofduty,2020,see mean youre dead
callofduty,2020,wood couldve martyrdomed 2 grenade rather let menedez kneecap
callofduty,2020,glimpse obscure call duty campaign 40 total unique campaign complete veteran
callofduty,2020,call duty timeline understand
callofduty,2020,gary oldman one best thing happen series
callofduty,2020,rip strawberry jelly
callofduty,2020,f captain price
callofduty,2020,call duty ghost best dlc change mind
callofduty,2020,year ago hit pretty cool semtex think guy might enjoy
callofduty,2020,aw try campaign get mission meme template saw people use
callofduty,2020,zakhaev imran zakhaev
callofduty,2020,annihaltor cheeto
callofduty,2020,wonder love classic game never see hear anyone mention first call duty experience
callofduty,2020,parent come room two month quarantine
callofduty,2020,rid sgt moody pvt elder love
callofduty,2020,ive see people post pit run heres mine 171 accuracy
callofduty,2020,old clip mine
callofduty,2020,knife shot
callofduty,2020,hero deserve
callofduty,2020,hijack map overview
callofduty,2020,anyone else greet
callofduty,2020,watch hollow playing campaign
callofduty,2020,treyarch make game focus exclusively zombies zombie theme campaign multiplayer would play
callofduty,2020,im sit
callofduty,2020,mobile golden camo weapon get highest graphic scroll full frame
callofduty,2020,ah yes lieutenant
callofduty,2020,get uav shipment whilst 830
callofduty,2020,aw underrated game
callofduty,2020,raul menendez predict 5 year earlier
callofduty,2020,mobile always remember
callofduty,2020,black ops alignment
callofduty,2020,context
callofduty,2020,waw perfectly balance
callofduty,2020,takedown tom cruise level shit deliberate reference
callofduty,2020,remastered thats run pit
callofduty,2020,call duty black ops cold war reveal trailer rblackopscoldwar
callofduty,2020,old logo cool design wish theyd bring back
callofduty,2020,reminder glorious call duty time ran silk smooth offer everything could possibly ask day one
callofduty,2020,game put lobby fill quickscopers
callofduty,2020,happens every single match
callofduty,2020,every time
callofduty,2020,almost guarantee someone camp
callofduty,2020,dumpster save life
callofduty,2020,pay win m14 ebr blueprint part 2 new evidence see comment
callofduty,2020,finally worthy opponent
callofduty,2020,design airport wonder crash build tower close runway
callofduty,2020,seriously guy
callofduty,2020,duo partner 6 year old son comms point
callofduty,2020,youre trap dude riot shield friend gulag pov
callofduty,2020,fact
callofduty,2020,aimbotting max rank hacker overpower gun damascus v one plastic shieldy boi win
callofduty,2020,2459m longshot prison air control tower
callofduty,2020,think
callofduty,2020,greatest length youve go get tower camper
callofduty,2020,cheater forums full whining people cant play anymore wonderful feel thank iw
callofduty,2020,anyone else experience increase cheater
callofduty,2020,want fun
callofduty,2020,felt good
callofduty,2020,look forward cold war hacker
callofduty,2020,aboslute insanity
callofduty,2020,thought go gulag
callofduty,2020,born gulag mould
callofduty,2020,reason slide everywhere warzone
callofduty,2020,think finally make friend
callofduty,2020,solo mode add warzone
callofduty,2020,seem like fair offer
callofduty,2020,guy please stop removing mode
callofduty,2020,current state game describe one image
callofduty,2020,teammate kill invisible player god mode glitch cheater win game
callofduty,2020,squad pin team mate 10 bullet leave
callofduty,2020,trolled player like actually exist
callofduty,2020,im ship verdansk first edit
callofduty,2020,psa always jump roof never descend elevator
callofduty,2020,interview warzone hacker
callofduty,2020,never stop fall
callofduty,2020,couldnt stop laugh death chat reaction fake death actually work
callofduty,2020,really though least make set disable
callofduty,2020,fly juggernaut
callofduty,2020,doom repeat
callofduty,2020,dare type plane
callofduty,2020,get execution win think would best way show
callofduty,2020,change mind
callofduty,2020,gas visuals bad design choice blind either everybody nobody
callofduty,2020,catch verdansk bout dat
callofduty,2020,every champion contender refuse give rocky balboa
callofduty,2020,want fly around heli problem
callofduty,2020,game fking incredible
callofduty,2020,think career peak
callofduty,2020,get back gulag immediately grab wanted get ta make youve get
callofduty,2020,tend get distract
callofduty,2020,use kali stick warzone
callofduty,2020,way
callofduty,2020,infinity ward interview
callofduty,2020,report hacker system explain
callofduty,2020,expect happen defintely coolest thing ill ever pull
callofduty,2020,buddy evade predatory chopper bring weapon save
callofduty,2020,seriously
callofduty,2020,drop hospital like
callofduty,2020,random squadmate munition box
callofduty,2020,think shot child irl
callofduty,2020,kid
callofduty,2020,yep go
callofduty,2020,shot life catch surprise
callofduty,2020,missile warzone map code bunker close park reveal today show look like missile code 60274513 try enter explanation code find comment
callofduty,2020,season 5 map change
callofduty,2020,figure guy might able relate
callofduty,2020,fresh gulag coolest thing ive yet
callofduty,2020,feel like whole squad get team wipe notification instead person commits final blow
callofduty,2020,always kinda player
callofduty,2020,default victory music okay really want every win
callofduty,2020,warzone ever get new map think chernobyl pripyat ukraine would good choice
callofduty,2020,serious discussion audio game
callofduty,2020,yall go annoy stim exploit least dont suck bum loser
callofduty,2020,1v1ing hacker warzone bunch people spectate nothing satisfying
callofduty,2020,call someone fing camper make sure one hugging roof origin 12 claymore
callofduty,2020,haha thaat
callofduty,2020,sorry guy use subreddit
callofduty,2020,every single game
callofduty,2020,nothing finest gulag callouts squad
callofduty,2020,much faith
callofduty,2020,loot bunker without code
callofduty,2020,dont know else phrase stopremovingmodes
callofduty,2020,please stay solo
callofduty,2020,im good warzone pretty proud
callofduty,2020,faster heart rate wife yoga workout
callofduty,2020,wipe 4 man squad 1 bullet
callofduty,2020,come back squad win 1v1 gulag
callofduty,2020,revolver break
callofduty,2020,way couldve die literally 1 1000000
callofduty,2020,literally disgust
callofduty,2020,get 360 quickscoped faze dirty
callofduty,2020,heartbeat sensor online
callofduty,2020,weve
callofduty,2020,saw tik tok touch soul keeg99 guy post
callofduty,2020,gulag round 2
callofduty,2020,warzone like
callofduty,2020,maybe next time
callofduty,2020,first win ive get 78 kd almost 50 take 350 matchesbut
callofduty,2020,fresh gulag land full quad
callofduty,2020,big brain play learn guy
callofduty,2020,wife find meme share
callofduty,2020,keycode place keycodes
callofduty,2020,bamboozle
callofduty,2020,0 chance didnt get report hacking
callofduty,2020,kill zlaner streamer ive look upto long time mock
callofduty,2020,night mode warzone
callofduty,2020,6 kill 10 second bathroom save
callofduty,2020,release already
callofduty,2020,right gulag
callofduty,2020,squadmate get amazing play gl
callofduty,2020,kill someone gulag throw rock claymore
callofduty,2020,saw awesome glory hole sniper shot earlier mine kinda similar
callofduty,2020,always great feeling die someone freak wall
callofduty,2020,insane blatant cheater guess reason stop link vid comment
callofduty,2020,win win
callofduty,2020,try every time get one
callofduty,2020,relate
callofduty,2020,decide give c4 drone strike go work beautifully
callofduty,2020,know 99 people hate even impressed triple kill
callofduty,2020,aidstation mark
callofduty,2020,dont understand
callofduty,2020,probably one favorite warzone kill something ill never top
callofduty,2020,movie style want takedown
callofduty,2020,best feature game far
callofduty,2020,thats one way try revive teammate
callofduty,2020,everytime cross open area
callofduty,2020,friend didnt believe saw living room carpet
callofduty,2020,make discord bot play fortunate son enter helicopter almost perfect timing
callofduty,2020,best play far 200 iq
callofduty,2020,expect play dead would work
callofduty,2020,win gulag accidentally drop full squad
callofduty,2020,assassin creed verdansk
callofduty,2020,never tbag knock player
callofduty,2020,two punch still strong enough bullet hit first
callofduty,2020,chase ditched helicopter plant c4 take bait
callofduty,2020,thing know guy cool stuff like time average dad gamer one win im still grin
callofduty,2020,revise playlist menu concept
callofduty,2020,everyone fall
callofduty,2020,camper gon na camp grenade launcher gon na grenade
callofduty,2020,first drop update
callofduty,2020,get kill parachuter right drop plane get revenge even land
callofduty,2020,may terrible aim game sense movement put fresh battery controller quickly pro
callofduty,2020,200 iq bar room kill
callofduty,2020,well tried make friend
callofduty,2020,short story call fuck game
callofduty,2020,fresh gulag bunker
callofduty,2020,totally legit sick double snipe
callofduty,2020,reason see cheater due fact sm account verification easily bypass 2 purchase
callofduty,2020,yeah im gon na skip bounty
callofduty,2020,genius almost frightening
callofduty,2020,shall u take vehicle wont get rpged together 3 rocket 3 vehicle
callofduty,2020,first win
callofduty,2020,oops turn wrong corner
callofduty,2020,1v4 kar98k
callofduty,2020,petition make drive vehicle first person pov warzone except maybe chopper way immersive would help balance current car meta without nerfing car durability
callofduty,2020,first attempt storm train didnt go well
callofduty,2020,guy chase across airfield leave gift
callofduty,2020,1000 iq airstrike
callofduty,2020,get ta use whats disposal call macgyver
callofduty,2020,love god stop removing playlist
callofduty,2020,probably smoothest thing ive ever video game
callofduty,2020,duo partner scoping downtown light go
callofduty,2020,nasty double squad wipe movement important
callofduty,2020,better wait get redeploy
callofduty,2020,shout cheater
callofduty,2020,ok strip u xp token ive purchase ever battle pas game take privilege remove content ive pay
callofduty,2020,leave
callofduty,2020,know hacker china_daddy choke end game despite cheat
callofduty,2020,2000 iq play guy aint even mad
callofduty,2020,shadow fucking dead
callofduty,2020,let
callofduty,2020,guy use riot shield
callofduty,2020,ever totally carried team
callofduty,2020,conveniently place hole
callofduty,2020,continued
callofduty,2020,2 box
callofduty,2020,people literally upload clip hack warzone tiktok still defend hacker get hand
callofduty,2020,ever snip hard pregame turn olympic diver
callofduty,2020,satisfy jump backside quarry
callofduty,2020,coolest luckiest shot ive ever hit fps
callofduty,2020,wz sweaty boii starter pack
callofduty,2020,come back
callofduty,2020,epic car chase felt like straight ff movie
callofduty,2020,put c4 quadcopter die tunnel gas
callofduty,2020,like call efficiency
callofduty,2020,mode solo duo trio quad one limited time mode change weekly rocket science
callofduty,2020,premature teabagulation
callofduty,2020,enemy squad feel sorry
callofduty,2020,day baby day
callofduty,2020,love new finish move
callofduty,2020,chase couldnt get luckier first chest
callofduty,2020,1 versus 7 ok
callofduty,2020,battlefield moment wrap game win
callofduty,2020,im officially announce retirement game
callofduty,2020,buddy really enjoy suplex assassination
callofduty,2020,ever see big bertha suplex well via neslo twitch
callofduty,2020,blueprint display name gun inside bundle
callofduty,2020,hit pkm jackpot
callofduty,2020,name bond james bond
callofduty,2020,counter kali stick
callofduty,2020,zombie together strong
callofduty,2020,200 iq atv double kill
callofduty,2020,everytime play randoms
callofduty,2020,one little trick get report
callofduty,2020,hacker kill lose 1v1
callofduty,2020,forgot cant climb river bed turn didnt need
callofduty,2020,play solo __
callofduty,2020,dad get first duo win together
callofduty,2020,final circle stadium conquer
callofduty,2020,perfect star christmas tree
callofduty,2020,felt little dirty
callofduty,2020,look one shot one opportunity estimate rocket trajectory one moment would capture let slip
callofduty,2020,fly dutchman
callofduty,2020,2 custom loadouts maxammo gas mask air strike killstreak full armour satchel jump build parachute doesnt deploy
callofduty,2020,get ta risk look really sell fake
callofduty,2020,find manhole
callofduty,2020,save year
callofduty,2020,trio readded warzone battle royale
callofduty,2020,gun money send squad
callofduty,2020,dumbest cheater ive ever see wait end promise worth
callofduty,2020,1v12 trio clutch
callofduty,2020,get call cuntasaurus rex little girl
callofduty,2020,duo finally hit warzone
callofduty,2020,dont think saw come
callofduty,2020,moment realize youre friend potato
callofduty,2020,observe two dmr user natural habitat totally focus prey fail realise become prey
callofduty,2020,wife isnt biggest fan warzone addiction sister make drinking game spectate die read rule
callofduty,2020,alright want know boy see clip
callofduty,2020,way fight gulag
callofduty,2020,bunch stoner find glitch
callofduty,2020,step 1 land want buy loadout step 2 hijack crate truck lead 100m away step 3
callofduty,2020,allow access bunker secure loot u
callofduty,2020,akimbo m19 alot fun warzone
callofduty,2020,yeaaa think im gon na pas bounty
callofduty,2020,miss clip scream microphone
callofduty,2020,find ghost train today quarry
callofduty,2020,havent fuck bad game
callofduty,2020,friend assassinate two sniper campaign style
callofduty,2020,suggestion add singleuse tacladder campaign allow different route building
callofduty,2020,apparently enemies dont like take money leave near buystation get squad back
callofduty,2020,find bunker see
callofduty,2020,buy station camper get taught lesson
callofduty,2020,eight cargo truck vs one train teammountaingoat
callofduty,2020,dirty kar98 1v3 sticky situation
callofduty,2020,satisfy warzone win ever run gas last resort find little scumbag stim glitch
callofduty,2020,warzone family activity family little sister carry u
callofduty,2020,buying squad back gas late win
callofduty,2020,welcome club
callofduty,2020,warzone pregame lobby like
callofduty,2020,time able pull lol guy ever save friend like
callofduty,2020,confirmation back raw data warzone indeed match others player base skill level
callofduty,2020,teammate didnt realize enemy skin squadmate room u lol
callofduty,2020,pretty sure solo wipe 11 enemy final quad circle 1v11 quad clutch
callofduty,2020,sweet revenge bit well deserve
callofduty,2020,question god
callofduty,2020,thou shalt steal
callofduty,2020,make vintage postcard squad
callofduty,2020,snipe win first solo win aint much hype get first win thanks anyone sort new
callofduty,2020,today warzone
callofduty,2020,use bounty bait fell right trap
callofduty,2020,self revive gas mask clutch car pick
callofduty,2020,1 slot killstreak problem carry
callofduty,2020,maybe impressive felt cinematic
callofduty,2020,sure post yet much chaos
callofduty,2020,saw dude get car think 200 iq play
callofduty,2020,make warzone ee bunker guide current phone location etc hope help
callofduty,2020,happen
callofduty,2020,get ready accept 2nd place 3v1 thenvolume warn
callofduty,2020,another dad push 50 manage get first br solo victory
callofduty,2020,play last night hit wild shot pregame realize jkap go back stream today see say anything
callofduty,2020,tried get revenge sniper kill emphasis try
callofduty,2020,buddy amazing pilot
callofduty,2020,please fix impossible bounty devs
callofduty,2020,im never gon na top play
callofduty,2020,im good man crossbow kill feel good
callofduty,2020,go bazoombala bababazoo bam bamboo fool em oh wait wrong battle royale
callofduty,2020,swear god
callofduty,2020,armor plate work imo
callofduty,2020,get atv top stadium teammountaingoat
callofduty,2020,three bird one stone
callofduty,2020,480 meter warzone snipe kar
callofduty,2020,synchronise parachute window entry
callofduty,2020,let inside
callofduty,2020,shield turret nutshell
callofduty,2020,really love game
callofduty,2020,friend shoot helo ball
callofduty,2020,toxic yet effective loadout rush player
callofduty,2020,call duty warzone official trailer
callofduty,2020,mom say could anything become airstrike
callofduty,2020,buy new execution
callofduty,2020,stadium accessible open roof design large area use circle land youre screw
callofduty,2020,block final team exit
callofduty,2020,see everyone elses sick clip present friend 200 iq play
callofduty,2020,every time take stair
callofduty,2020,finally chance shoot one hole
callofduty,2020,warzone life
callofduty,2020,sex cool ever land like
callofduty,2020,guy camp stair
callofduty,2020,call duty modern warfare warzone official season five trailer
callofduty,2020,shouldve happen day 1
callofduty,2020,1v11 clutch trio
callofduty,2020,scariest thing know man
callofduty,2020,zombie loyal buddy zombie happend lol
callofduty,2020,take advantage trick vehicle uturn
callofduty,2020,airstrike point 200 iq victory
callofduty,2020,luckiest self revive game
callofduty,2020,guy see new load drop roomba
callofduty,2020,greatest play ever
callofduty,2020,cant outrun crushinator
callofduty,2020,boy take one last group photo top stadium last night top blow
callofduty,2020,die cheater report get opened game message
callofduty,2020,trophy system problem
callofduty,2020,warzone rn
callofduty,2020,couldnt stop shaking end
callofduty,2020,bounty try dip
callofduty,2020,custom smg
callofduty,2020,activisions anti cheat
callofduty,2020,trust get
callofduty,2020,clean 4 house camper whats available
callofduty,2020,simple
callofduty,2020,get ridiculous
callofduty,2020,told team get 30 bullet 1 rocket c4 yall wan na see say glory say less
callofduty,2020,worst update recent week
callofduty,2020,son doesnt play lot call duty weve try catch dub together two week
callofduty,2020,probably satisfy thing ive warzone yet
callofduty,2020,win 120 definitely favorite clutch trio
callofduty,2020,dear devs look video ask melee part balance
callofduty,2020,semtex chest doesnt someone couple pistol whip one many imbalance wz
callofduty,2020,one annoy thing warzone
callofduty,2020,start finish let make reddit famous
callofduty,2020,psa deployable cover useful think
callofduty,2020,pick pick
callofduty,2020,crazy gameplay 1
callofduty,2020,short compilation salty aussieskiwis death chat
callofduty,2020,deal camper
callofduty,2020,tom cruise coulndt better
callofduty,2020,grenade launcher seriously op much fun use
callofduty,2020,way dude moan ear upon death
callofduty,2020,always buy selfrevive
callofduty,2020,today learnt cant assassinate train
callofduty,2020,server disconnect last guy solo win really
callofduty,2020,license kill
callofduty,2020,aint even mad
callofduty,2020,new playlist update
callofduty,2020,every move take 100 calcu
callofduty,2020,respawning gulag 300 entire dead team buy back
callofduty,2020,guess theres way theyd ever lose fair fight
callofduty,2020,ive peak day 1
callofduty,2020,tssk tssk
callofduty,2020,help 4 man squad get bunker 11 mp7 blueprint challenge nice even game nicest randoms ever meet
callofduty,2020,kill last 6 player win
callofduty,2020,else man quickscope
callofduty,2020,stressful endgame juggernaut
callofduty,2020,game
callofduty,2020,c4 nerf still take get use
callofduty,2020,every god damn time
callofduty,2020,felt smart pull wasnt expect though
callofduty,2020,probably best outplay date ftw kali stick crossbow
callofduty,2020,aimbots
callofduty,2020,quad vs trio
callofduty,2020,selfrevive try crew everything turn fine end
callofduty,2020,accidentally get photo shoot
callofduty,2020,heart never beat fast
callofduty,2020,stray bullet
callofduty,2020,think pretty clean window entry
callofduty,2020,visually see confusion panic 3rd story building
callofduty,2020,fight feel like action movie
callofduty,2020,possibly best 45 second career
callofduty,2020,loadout inaccessible thought
callofduty,2020,team member afk zone come
callofduty,2020,guy explosive rod get force bathroom 3 men end blow
callofduty,2020,win oftenbut disable vehicle triple kill
callofduty,2020,finally add easy way get top dam
callofduty,2020,didnt ask want link squad load
callofduty,2020,dont waste time punch enemy gulag give tag make easier see
callofduty,2020,wasnt even touch controller
callofduty,2020,always pay respect
callofduty,2020,final circle open field teammate dead
callofduty,2020,battlefield
callofduty,2020,lack communication could go wrong sound
callofduty,2020,character stop render lobby screen like 3 week almost happen anyone else
callofduty,2020,blend fellow bunker boy
callofduty,2020,homies hate juggs
callofduty,2020,satisfy kill ive game far
callofduty,2020,gulag warzone 2020
callofduty,2020,thin line drive wife play gulag friend
callofduty,2020,okay crouch
callofduty,2020,get jeep top stadium teammountaingoat
callofduty,2020,manage glitch game third person
callofduty,2020,guess ill show guy secret climb spot tv2
callofduty,2020,plan always ruin
callofduty,2020,hate riot shield
callofduty,2020,spray realistic lol
callofduty,2020,ensure everyone around ally
callofduty,2020,1367m snipe heli right dome
callofduty,2020,spot might save hectic situation one day
callofduty,2020,felt like action movie
callofduty,2020,enemy drop ao
callofduty,2020,visit chernobyl week ago find empty dive pool today find exact pool warzone even outside building pic area anyone interested
callofduty,2020,hot mic rage nice people edition
callofduty,2020,middle age dad clutch warzone win squad die soon
callofduty,2020,well dev team lose another pay customer tonight cheat control
callofduty,2020,two vehicle circle hangar one c4
callofduty,2020,top 1 bullet one helicopter
callofduty,2020,thats get
callofduty,2020,like
callofduty,2020,unluckiest guy wz history
callofduty,2020,rotate wrong prison spend gas mask decide go win anyways thank munition box
callofduty,2020,new anticheat system iw
callofduty,2020,riot shield warzone skill require
callofduty,2020,free warzone bundle pack 2020
callofduty,2020,clutch teammate buy back last circle
callofduty,2020,pretty standard 3 v 1 single funniest kill ive ever
callofduty,2020,new contract come week want
callofduty,2020,catch bounty bait
callofduty,2020,detailed look warzone climb system oc
callofduty,2020,extraction level 100 excuse manic cackling
callofduty,2020,hid bunker entrance run another team blend one sorry begin get cut thanks xbox
callofduty,2020,warzone therapy pt 1
callofduty,2020,lesser two evil prevails
callofduty,2020,first nontoxic person lose 1st place warzone
callofduty,2020,one hand scope mask fumble classic
callofduty,2020,1v3 straight gulag thats deal roof camper
callofduty,2020,good callout
callofduty,2020,truck skill crack
callofduty,2020,im pretty sure get report shot
callofduty,2020,3 riot shielder vs alone heres defeat
callofduty,2020,whats go
callofduty,2020,massive nuclear rocket inside bunker 10 add season 4
callofduty,2020,psa die gas mask animation
callofduty,2020,chopper v pistol improvise
callofduty,2020,try pick gas mask get truck instead roll
callofduty,2020,find new bomb drone red key card bunker private match today
callofduty,2020,totally legit snip snip stick
callofduty,2020,nope bird
callofduty,2020,friend take juggernaut riot shield
callofduty,2020,first bunker open red key card
callofduty,2020,rumour new warzone map circulate
callofduty,2020,find juggernaut drop marker
callofduty,2020,drone actually useful
callofduty,2020,whoever isthank help u
callofduty,2020,real pro player aim like
callofduty,2020,immovable object v unstoppable force
callofduty,2020,sometimes worst enemy
callofduty,2020,thats friend
callofduty,2020,air strike horrible never get kill say right quad wipe mediocre player best
callofduty,2020,sm 2 factor authentication require new pc warzone player
callofduty,2020,best 30 sec wz career minus little potato lmg make id say
callofduty,2020,suv top stadium br teammountaingoat
callofduty,2020,mad lad almost outran missile
callofduty,2020,friend catch fall
callofduty,2020,ah yes door gulag
callofduty,2020,high risk high reward
callofduty,2020,mp7 get ee enter 11th bunker
callofduty,2020,finally find fighter
callofduty,2020,ride die together
callofduty,2020,recap infinity ward activision meeting season 5
callofduty,2020,high yez yez
callofduty,2020,call duty race
callofduty,2020,think dual diamattis bad try one stop power insane ttk 15m away
callofduty,2020,inception alternate end reveal
callofduty,2020,expect final 1v3 go
callofduty,2020,best play date
callofduty,2020,kill hacker warzone lobby stay congratulate win
callofduty,2020,make friend plunder drop obsidian hdr flex accidentally kill
callofduty,2020,airspace crowd
callofduty,2020,like plan
callofduty,2020,best mistake ive ever make
callofduty,2020,get win never felt sweaty
callofduty,2020,hasnt die lmg animation
callofduty,2020,first second time snip someone car
callofduty,2020,warzone never change lol
callofduty,2020,make daily quest buy 9 munition box anyways
callofduty,2020,7 month game finally hit someone precision airstrike
callofduty,2020,sweet revenge popcorn
callofduty,2020,mermaid man barnacle boy
callofduty,2020,1v1 juggernaut
callofduty,2020,settingsaudioplane sound 0
callofduty,2020,concept gesture could use face cheater
callofduty,2020,youve dead 15 minute see enemy spectate teammate
callofduty,2020,odds one man vs 4 squad insane yes almost heart attack
callofduty,2020,think jugg would take come away w
callofduty,2020,soon heard footsteps told team im dead leave solo ground loot v loadout trio
callofduty,2020,sixth sense
callofduty,2020,well bounty cheat
callofduty,2020,ill whatever game chair guy
callofduty,2020,scavenger loot box 2 struggle
callofduty,2020,deal lategame jug
callofduty,2020,time reload problem
callofduty,2020,closest revive ive ever pretty sure less half second dying
callofduty,2020,let make something clear
callofduty,2020,give u option drop weapon
callofduty,2020,guess game really didnt want escape gas
callofduty,2020,ive honestly never emotional rollercoaster playing game
callofduty,2020,two blatant cheater game invite party get revenge
callofduty,2020,launch like apex legend group option separate teammate chooses
callofduty,2020,longest shot spr 4913m
callofduty,2020,annoy play quad alone
callofduty,2020,loadout god werent kind team decide get creative drone
callofduty,2020,stims heartbeat sensor
callofduty,2020,anytime suggest new drop spot
callofduty,2020,spray pray thing
callofduty,2020,season 2
callofduty,2020,two execution thenwhatever fuck
callofduty,2020,let play game spot difference
callofduty,2020,present random team mate
callofduty,2020,yall ever wait til round 7 call juggernaut
callofduty,2020,1st attempt bullet cam edit kar98 headshot
callofduty,2020,first circle appear people already land like br
callofduty,2020,frodo entire lobby solid
callofduty,2020,finally get juggernaut warzone game decide put voice changer use sound
callofduty,2020,nothing else matter except clutch revive
callofduty,2020,open letter 2 cent 500 one care
callofduty,2020,really necessary
callofduty,2020,loadout crate cost 14500
callofduty,2020,9th secured recon overkill
callofduty,2020,unexpected double kill first second match
callofduty,2020,make lobby xbox player warzone
callofduty,2020,power selfbelief guesstimation
callofduty,2020,juggernaut land feel good
callofduty,2020,sneak attack
callofduty,2020,easiest gulag win life
callofduty,2020,hacker warzone offering help others cheat get top developer see name shame
callofduty,2020,anakin low ground dont try
callofduty,2020,consider somewhat artist
callofduty,2020,dirty right way
callofduty,2020,tom brady perk
callofduty,2020,fair look good soon shot
callofduty,2020,absolute chaos 100th warzone win
callofduty,2020,pet brain rot dog
callofduty,2020,people 2008 beat waw campaign
callofduty,2020,get ta say love ability join buddy mid game
callofduty,2020,thank sir
callofduty,2020,tranzit bus get outta
callofduty,2020,thought agree 100
callofduty,2020,really like
callofduty,2020,political unfollowing
callofduty,2020,mostly early round
callofduty,2020,real noob hour
callofduty,2020,yard trainer may know
callofduty,2020,save u 3arc
callofduty,2020,megaton pop nowhere kill one hit
callofduty,2020,begin
callofduty,2020,pack punch shotgun like
callofduty,2020,even gon na lie like sometimes big sad
callofduty,2020,voice actor takeo may never able voice work suffer stroke wish best family
callofduty,2020,mob dead moment
callofduty,2020,bro revive raygun actually relevant
callofduty,2020,bit bipolar reddit
callofduty,2020,love hate spit straight fax
callofduty,2020,tell
callofduty,2020,call duty black ops cold war zombie first look
callofduty,2020,happen blue rock zombie
callofduty,2020,number mean
callofduty,2020,pro warzone streamer play zombie first time know mp5 dropshot stims
callofduty,2020,povyou mystery box
callofduty,2020,yeh idk mess everything
callofduty,2020,hand slow movement sluggish
callofduty,2020,zombie back boy
callofduty,2020,bocw stand spot zombie reach throw piece
callofduty,2020,dont know post yet saw twitter really fit right zombie get hype feel great
callofduty,2020,yall much better
callofduty,2020,cold war need least 1 map tier long since map quality
callofduty,2020,think choose rarity get coffin easter egg
callofduty,2020,hit day cold war come 2nd time hit lvl 1000 trackshot sure anyone ever im first
callofduty,2020,season one probably play
callofduty,2020,cold war zombie nail new perk machine design
callofduty,2020,cant believe miss new giant end
callofduty,2020,alcoholic right
callofduty,2020,hilarious panic call work
callofduty,2020,mp40 gang life
callofduty,2020,99 youtube thumbnail
callofduty,2020,overlooked part community
callofduty,2020,exact twin
callofduty,2020,everyones welcome requiem
callofduty,2020,treyarch op zombie fun please stop nerfing thing nobody want
callofduty,2020,darn nuke
callofduty,2020,homemade classic juggernog perkmachine hope enjoy
callofduty,2020,try get early headshot
callofduty,2020,100 accurate depiction plaguehounds create
callofduty,2020,among u zombie meme
callofduty,2020,zombie community like
callofduty,2020,jingle hell
callofduty,2020,easter egg friend like
callofduty,2020,zombie teaser trailer like
callofduty,2020,lot people want staminup go
callofduty,2020,friendly reminder never leave sentry behind
callofduty,2020,tried one old guarantee raygun step round 4 work
callofduty,2020,call duty zombie meme
callofduty,2020,case
callofduty,2020,nearly crash bike saw way home
callofduty,2020,red ring gang
callofduty,2020,oh god find another
callofduty,2020,sometimes lore much
callofduty,2020,1374 kill solo high round finaly lvl 2 thanks double xp week treyarch love guy
callofduty,2020,good memory
callofduty,2020,black ops cold war zombie tease
callofduty,2020,johnyj25 actually get remaster die rise ad absolute madlad
callofduty,2020,hmmm yes tomahawk juice
callofduty,2020,congratulation boy
callofduty,2020,cant stop
callofduty,2020,get ray gun doe
callofduty,2020,old zombie player talk die maschine
callofduty,2020,crappy meme make
callofduty,2020,might discover secret quote reverse dark aether voice
callofduty,2020,win dad
callofduty,2020,guy
callofduty,2020,cant wait get 2020 version
callofduty,2020,zombie screw get raygun box atone sin
callofduty,2020,5 year ago today call duty black ops 3 release crazy 5 year go since masterpiece come u
callofduty,2020,houston bruh moment
callofduty,2020,im sorry
callofduty,2020,doesnt like good remasters
callofduty,2020,fun fact credit jrrizzoyt
callofduty,2020,average zombie enjoyer
callofduty,2020,drake siren mean
callofduty,2020,wrap xbox series x
callofduty,2020,happen 99 time public
callofduty,2020,go prone slope zombie cant hurt
callofduty,2020,trueeeeeee
callofduty,2020,look like easter egg currently disable new map
callofduty,2020,base true story
callofduty,2020,finally finish mystery box color change light
callofduty,2020,find gem recently
callofduty,2020,try recreate one zombie thumbnail
callofduty,2020,zombie nostalgia
callofduty,2020,richtofen look kinda sus ngl
callofduty,2020,video base oh like zombie name every door meme
callofduty,2020,cold war zombie trailer nutshell
callofduty,2020,black ops 3 zombie eastereggs nutshell
callofduty,2020,recently get back zombie
callofduty,2020,proof postpatch 2x zombie slower 2x
callofduty,2020,le childhood trauma arrive
callofduty,2020,never think would see day streamer hunt raygun go round 50
callofduty,2020,mad next zombie
callofduty,2020,clear computer find old meme make half year ago completely forgot give chuckle
callofduty,2020,aether farewell jason blundell
callofduty,2020,find insta dont know feel
callofduty,2020,could also insert bo4 map leave panel tbh
callofduty,2020,im gon na get trial reward die try
callofduty,2020,wait guy stop prepping monkey actually throw
callofduty,2020,juggernog anyone
callofduty,2020,pointless door zombie history
callofduty,2020,youre feel kinda lonely spouse kinda dead
callofduty,2020,instead annoy wasted time wear like badge honour
callofduty,2020,theyre rarer raygun
callofduty,2020,change slide
callofduty,2020,see ya chump
callofduty,2020,im perk holic happy holiday everybody
callofduty,2020,origin vibe
callofduty,2020,need jug mom
callofduty,2020,love
callofduty,2020,updated meme season one go play
callofduty,2020,good old day
callofduty,2020,gunna leave
callofduty,2020,kill zombie first two round
callofduty,2020,im really happy
callofduty,2020,denizen everywhere
callofduty,2020,video shit funny
callofduty,2020,shitty attempt meme
callofduty,2020,basically thing
callofduty,2020,get sick playing moon
callofduty,2020,get ray gun every time
callofduty,2020,soon bug get fix next step
callofduty,2020,good luck good sir
callofduty,2020,tho
callofduty,2020,dead
callofduty,2020,round 101 think find easiest exfil strategy
callofduty,2020,dont know someone already make whatever
callofduty,2021,miss old day
callofduty,2021,man
callofduty,2021,something doesnt add
callofduty,2021,best one yet
callofduty,2021,good end
callofduty,2021,true
callofduty,2021,civil war
callofduty,2021,wrong
callofduty,2021,still love get ta stop yearly game thing
callofduty,2021,trash talk unmatched
callofduty,2021,manage shoot rojas early mission favela end skip whole chase cutscenes
callofduty,2021,find two camper wait line barber
callofduty,2021,every year
callofduty,2021,modern gender reveal party like
callofduty,2021,need one kill win
callofduty,2021,aahh mission
callofduty,2021,codthis sad
callofduty,2021,please let play
callofduty,2021,waw least agree
