Subreddit,Year,Month,Text,Created_utc
leagueoflegends,2024,11,[LOL Esports X] T1 Players celebrating after Game 5 ends,2024-11-05 14:40:09
leagueoflegends,2024,11,I have a serious league of legends addiction,2024-11-30 01:15:24
leagueoflegends,2024,8,League of legends 2,2024-08-20 12:18:05
leagueoflegends,2024,11,T1 vs. Bilibili Gaming / 2024 World Championship - Final / Post-Match Discussion,2024-11-02 18:26:27
leagueoflegends,2024,10,T1 vs. Gen.G / 2024 World Championship - Semi-Final / Post-Match Discussion,2024-10-27 16:19:49
leagueoflegends,2024,10,Gen.G vs. FlyQuest / 2024 World Championship - Quarter-Final / Post-Match Discussion,2024-10-20 16:27:49
leagueoflegends,2024,11,"Riot Games co-founder Mark Merrill revealed Arcane only got 2 seasons because there are ""more stories to tell"" in the League of Legends universe. He also confirmed Riot wants to make more shows.",2024-11-18 00:05:42
leagueoflegends,2024,11,T1 parts way with Zeus,2024-11-19 14:24:40
leagueoflegends,2024,10,"Rekkles talks about ""abandoning Europe""",2024-10-17 08:11:42
leagueoflegends,2024,9,Heavy Is The Crown ft. Linkin Park (Official Music Video) | League of Legends Worlds 2024 Anthem,2024-09-24 15:03:40
leagueoflegends,2024,11,Arcane Season 2 smashes Netflix charts & becomes most popular show in over 60 countries,2024-11-10 23:16:45
leagueoflegends,2024,11,Why is it so hard for lol players to realize if they didnt treat women like shit maybe there would be more women playing,2024-11-13 21:01:21
leagueoflegends,2024,11,Doran joins T1,2024-11-19 14:32:50
leagueoflegends,2024,10,Top Esports vs. T1 / 2024 World Championship - Quarter-Final / Post-Match Discussion,2024-10-19 14:40:35
leagueoflegends,2024,10,"After 14 years, release of Arcanessa marks the end of mobility creep in League of Legends",2024-10-22 15:35:19
leagueoflegends,2024,10,Ambessa Abilities | Ability Reveal & Gameplay,2024-10-22 15:09:11
leagueoflegends,2024,11,"Viktor will receive a full VGU based on Arcane. All of his skins will be updated, and the VGU is set to release on December 11",2024-11-24 20:49:06
leagueoflegends,2024,12,"Riot's $250 Million Netflix Show Was a TV Hit, Financial Miss - Bloomberg Report",2024-12-23 14:58:25
leagueoflegends,2024,12,Humzh with 24 kills Draven 6 items vs bruisers and tank late game (551 LP Master),2024-12-30 20:46:24
leagueoflegends,2024,11,[OFFICIAL] Caedrel's team — Los Ratones — reveals its roster for 2025,2024-11-15 13:04:37
leagueoflegends,2024,12,T1 vs. Los Ratones / Red Bull League of Its Own 2024 / Post-Match Discussion,2024-12-15 20:52:20
leagueoflegends,2024,11,T1 Faker is the 2nd greatest mid-laner,2024-11-03 02:09:28
leagueoflegends,2024,11,Arcane ending looking a little different on China.,2024-11-26 09:11:15
leagueoflegends,2024,10,Hanwha Life Esports vs. Bilibili Gaming / 2024 World Championship - Quarter-Final / Post-Match Discussion,2024-10-18 15:35:33
leagueoflegends,2024,11,Arcane Officially Ends at Netflix With Perfect Rotten Tomatoes Scores for Both Seasons,2024-11-24 21:09:31
leagueoflegends,2024,12,The new Samira emote raises QC issues and questions on the use of AI for art,2024-12-11 07:39:47
leagueoflegends,2024,10,G2 Esports vs. Bilibili Gaming / 2024 World Championship - Swiss Round 5 / Post-Match Discussion,2024-10-13 17:40:32
leagueoflegends,2024,10,G2 Esports vs. T1 / 2024 World Championship - Swiss Round 4 Advancement / Post-Match Discussion,2024-10-11 13:40:24
leagueoflegends,2024,10,Swiss Stage Draw - Round 5,2024-10-12 17:08:06
leagueoflegends,2024,12,"Thebausffs: ""There are some top laners in the LEC that are completely boosted. They’re really, really bad. They’re paycheck stealing. They don’t belong there.""",2024-12-19 23:01:30
leagueoflegends,2024,10,MAD Lions KOI vs. GAM Esports / 2024 World Championship - Swiss Elimination Round / Post-Match Discussion,2024-10-07 14:23:24
leagueoflegends,2024,12,Are we really going to call the new season of LoL Season one?,2024-12-12 07:30:20
leagueoflegends,2024,12,Baus getting death threats on the Targamas Clip from LOIO Costream,2024-12-17 17:41:47
leagueoflegends,2024,11,Only about 1 out of every 7 T1 stream viewers is male,2024-11-29 21:02:40
leagueoflegends,2024,12,I can't believe they changed my main so drastically. This is the character I once fell in love with and now he's gone!,2024-12-04 23:52:08
leagueoflegends,2024,9,100 Thieves vs. Movistar R7 / Worlds 2024 Play-In Stage - Round 1 / Post Match Discussion,2024-09-26 16:25:33
leagueoflegends,2024,10,Weibo Gaming vs. G2 Esports / 2024 World Championship - Swiss Round 3 / Post-Match Discussion,2024-10-06 15:43:15
leagueoflegends,2024,11,Zeus breaks his silence on Instagram and thanks T1 and the fans,2024-11-20 07:01:59
leagueoflegends,2024,10,Bilibili Gaming vs. T1 / 2024 World Championship - Swiss Round 3 / Post-Match Discussion,2024-10-06 13:34:47
leagueoflegends,2024,11,Fakers alive,2024-11-02 18:42:45
leagueoflegends,2024,11,[Source] T1 players seem to want to stick together for 2025,2024-11-04 10:24:46
leagueoflegends,2024,11,"2024 League of Legends Worlds final hits new record in eSports history, with 6.94M peak viewers.",2024-11-02 20:32:10
leagueoflegends,2024,9,Gen.G vs. Hanwha Life Esports / LCK 2024 Summer Playoffs - Grand Final / Post-Match Discussion,2024-09-08 11:24:25
leagueoflegends,2024,12,Thebaus about why ADCs are actually very weak right now,2024-12-25 12:19:45
leagueoflegends,2024,10,"FLY Inspired: ""I get why fans are salty about the format, I’d be mad too in their shoes. I saw that Reddit thread saying if 8 pro teams and 8 monkey teams competed, on average 1 monkey team would escape the Swiss stage. We were joking like 'We’re the chosen monkeys'!"" | Sheep Esports",2024-10-15 17:58:28
leagueoflegends,2024,10,SheepEsports: G2 Yike and Mikyx permitted to explore options without buyout,2024-10-14 19:29:08
leagueoflegends,2024,12,Faker wins best esports athlete for The Game Awards 2024,2024-12-13 00:45:21
leagueoflegends,2024,9,Linkin Park officially announced as the artists for the Worlds 2024 Anthem: 'Heavy is the Crown',2024-09-23 05:06:43
leagueoflegends,2024,12,"No, you're not going to be the one to kill Warwick pre 15.",2024-12-28 02:23:00
leagueoflegends,2024,11,There should be an option of refund skins after they got ASU'd.,2024-11-27 07:45:09
leagueoflegends,2024,11,Keria re-signs with T1,2024-11-14 03:01:51
leagueoflegends,2024,10,Faker limit testing against Chovy at Game 2 07:54 that everyone missed (higher quality),2024-10-28 04:02:57
leagueoflegends,2024,11,Arcane co-creator vows 'we will learn from it' after fan frustrations of the Netflix show's 'rushed' final season,2024-11-26 20:54:46
leagueoflegends,2024,10,The League Wiki is Leaving Fandom,2024-10-09 21:00:06
leagueoflegends,2024,10,"Medic, Vedius, and Kobe to cast Worlds Final",2024-10-29 17:37:29
leagueoflegends,2024,11,"Season 1 Reveal, Gameplay Preview & Ranked Resets | Dev Update - League of Legends",2024-11-25 16:01:14
leagueoflegends,2024,10,FlyQuest players and staff messages after series against Gen.G,2024-10-20 19:51:04
leagueoflegends,2024,9,PSG Talon vs. 100 Thieves / Worlds 2024 Play-In Stage - Qualification Match / Post-Match Discussion,2024-09-29 16:18:41
leagueoflegends,2024,10,[Sheep Esports] Jojopyun reaches verbal agreement to join Mad Lions KOI in the LEC,2024-10-18 22:46:52
leagueoflegends,2024,11,Rekkles leaves T1/T1.A,2024-11-13 13:17:21
leagueoflegends,2024,10,Doinb received a 7 days ban in KR server for spamming in chat,2024-10-16 17:19:06
leagueoflegends,2024,11,[OFFICIAL] HLE sign ‘Zeus’ for 2025,2024-11-20 13:01:40
leagueoflegends,2024,12,ADC 2024 Moment,2024-12-16 18:25:03
leagueoflegends,2024,10,r/leagueoflegends in 10 years from 10 years ago!,2024-10-13 14:23:33
leagueoflegends,2024,10,G2 Esports vs. Hanwha Life Esports / 2024 World Championship - Swiss Round 2 / Post-Match Discussion,2024-10-04 14:49:31
leagueoflegends,2024,10,LEC vs VCS: Absolute cinema!,2024-10-09 09:06:08
leagueoflegends,2024,11,"Bin - ""T1 has a 100% winrate against LPL at worlds in Bo5s. That's only because they haven't faced us yet.""",2024-11-01 22:58:32
leagueoflegends,2024,7,Average yasuo main,2024-07-24 06:37:12
